name,title,preview
*NSYNC,It's Gonna Be Me,https://p.scdn.co/mp3-preview/f9716f83d213f049a29f866eb00efd372e49e557?cid=635a94c846854eb29813825c79d704a2
*NSYNC,Music Of My Heart,https://p.scdn.co/mp3-preview/b8e8a159e40a386428ef74fb2773c10a5c679d03?cid=635a94c846854eb29813825c79d704a2
*NSYNC,Bye Bye Bye,https://p.scdn.co/mp3-preview/72b91cb27fac7beb50a2deffdd8b821fba5ba950?cid=635a94c846854eb29813825c79d704a2
*NSYNC,This I Promise You,https://p.scdn.co/mp3-preview/87f8b1d59396b8d856c9fc6af68015c5136b3d59?cid=635a94c846854eb29813825c79d704a2
*NSYNC,Girlfriend,https://p.scdn.co/mp3-preview/97025998aca70f39d5663fdc99943ff0aca5d568?cid=635a94c846854eb29813825c79d704a2
*NSYNC,A Little More Time On You,https://p.scdn.co/mp3-preview/37c8b3b7f547f4c8edcfc6e0d4afa2554c0b9dc1?cid=a46f5c5745a14fbf826186da8da5ecc3
*NSYNC,Gone,https://p.scdn.co/mp3-preview/a7325f6287dd70a667ab4aebfa93db0718e19e63?cid=a46f5c5745a14fbf826186da8da5ecc3
*NSYNC,I Want You Back,https://p.scdn.co/mp3-preview/d28587ae453a4ac3cba66d517f9f0d715e96cc25?cid=635a94c846854eb29813825c79d704a2
*NSYNC,Pop,https://p.scdn.co/mp3-preview/8ab4f22f60d0fec23d2c05186984e6cb5d7a2142?cid=a46f5c5745a14fbf826186da8da5ecc3
*NSYNC,Tearin' Up My Heart,https://p.scdn.co/mp3-preview/b179e4171207a90d3f0d52b307cd7ff5d2ed4df5?cid=635a94c846854eb29813825c79d704a2
*NSYNC,Thinking of You,https://p.scdn.co/mp3-preview/37617d65ff2a4f722ebadf1293f38567256aa68e?cid=635a94c846854eb29813825c79d704a2
JC Chasez,Blowin' Me Up,https://p.scdn.co/mp3-preview/1cd960bfcf71ba80da98f3b4609182170db06c88?cid=635a94c846854eb29813825c79d704a2
JC Chasez,Some Girls,https://p.scdn.co/mp3-preview/fff6f29cfb12de4a08d70b7d2e7c099d9d780ffb?cid=a46f5c5745a14fbf826186da8da5ecc3
Justin Timberlake,SexyBack,https://p.scdn.co/mp3-preview/e4ff7d627759f7c67e5814ddd821ba6b507136da?cid=635a94c846854eb29813825c79d704a2
Justin Timberlake,My Love,https://p.scdn.co/mp3-preview/e3c89e86be573448606421ca3d65660e0092a365?cid=635a94c846854eb29813825c79d704a2
Justin Timberlake,What Goes Around...Comes Around,https://p.scdn.co/mp3-preview/f6f07bf44c8293d4ef5aa1bd76d0ef5ab8713775?cid=635a94c846854eb29813825c79d704a2
Justin Timberlake,Can't Stop The Feeling!,https://p.scdn.co/mp3-preview/8a0ad558d8c75abc3b5e320bc52f264f654eccbd?cid=635a94c846854eb29813825c79d704a2
Justin Timberlake,Mirrors,https://p.scdn.co/mp3-preview/2043119fe220aa6026c0adf77a90ad1f6440e18e?cid=635a94c846854eb29813825c79d704a2
Justin Timberlake,Cry Me A River,https://p.scdn.co/mp3-preview/48df99237464a09d5cc4634e2eba8bc846aa1d0a?cid=635a94c846854eb29813825c79d704a2
Justin Timberlake,Suit & Tie,https://p.scdn.co/mp3-preview/2744b13afca5b0b22439b7d49d3505364c5735d1?cid=635a94c846854eb29813825c79d704a2
Justin Timberlake,Rock Your Body,https://p.scdn.co/mp3-preview/8899cd63cef48d074876eed060e6582ffcc78a79?cid=635a94c846854eb29813825c79d704a2
Justin Timberlake,Summer Love,https://p.scdn.co/mp3-preview/894122e720990ffb976e0ce3c3a2f37b6087d7d0?cid=635a94c846854eb29813825c79d704a2
Justin Timberlake,Not A Bad Thing,https://p.scdn.co/mp3-preview/ca8776cd9bc36087bf6e9eafce22e077ff227ab2?cid=635a94c846854eb29813825c79d704a2
Justin Timberlake,Filthy,https://p.scdn.co/mp3-preview/b021ef347d0a623f5721007415d058a8fef51628?cid=635a94c846854eb29813825c79d704a2
Justin Timberlake,Say Something,https://p.scdn.co/mp3-preview/44072346a65f52cfff68599eaf94848074eab9c0?cid=635a94c846854eb29813825c79d704a2
Justin Timberlake,Like I Love You,https://p.scdn.co/mp3-preview/76792c30fa73fd521590842bfaf404aa3742f6be?cid=635a94c846854eb29813825c79d704a2
Justin Timberlake,Hallelujah,https://p.scdn.co/mp3-preview/75ff0b0b1307756900031ef5f84c59a2b4f2b2ba?cid=a46f5c5745a14fbf826186da8da5ecc3
Justin Timberlake,LoveStoned,https://p.scdn.co/mp3-preview/6996de3cada0ca279c4854254dd1969a3ab60379?cid=635a94c846854eb29813825c79d704a2
Justin Timberlake,Until The End Of Time,https://p.scdn.co/mp3-preview/8e77a8cc1a5c220892b12586ffdc73388cb94625?cid=635a94c846854eb29813825c79d704a2
Justin Timberlake,Senorita,https://p.scdn.co/mp3-preview/af846ebd0149e4f72c52e19123b760dac5e63fdc?cid=635a94c846854eb29813825c79d704a2
Justin Timberlake,Take Back The Night,https://p.scdn.co/mp3-preview/a8d3c16c2eb4ec2d6ba4c3d4ac877ad2088291a2?cid=635a94c846854eb29813825c79d704a2
Justin Timberlake,TKO,https://p.scdn.co/mp3-preview/9c4b7d6baf920f9d0acc0a6166489b9f26d43e70?cid=635a94c846854eb29813825c79d704a2
Justin Timberlake,Pusher Love Girl,https://p.scdn.co/mp3-preview/6fc1d285152426c75d12a3fc59674d192effd281?cid=635a94c846854eb29813825c79d704a2
Justin Timberlake,Supplies,https://p.scdn.co/mp3-preview/717ef2ea9e762ec57351066f5639ded7d630e847?cid=635a94c846854eb29813825c79d704a2
Justin Timberlake,Man Of The Woods,https://p.scdn.co/mp3-preview/c4c7c0ab5bfd75fc1bd397ffe9fd9179452ed654?cid=635a94c846854eb29813825c79d704a2
98º,Give Me Just One Night,https://p.scdn.co/mp3-preview/fdf8d0eafa983c42eade6a7b45c3273ba622d1b0?cid=a46f5c5745a14fbf826186da8da5ecc3
98º,Because Of You,https://p.scdn.co/mp3-preview/ec7c39746b0b61ddd1b8435bc409e5c99f9497ee?cid=a46f5c5745a14fbf826186da8da5ecc3
98º,The Hardest Thing,https://p.scdn.co/mp3-preview/920b2efaa40bee6d78378f229618a5abbc4a8815?cid=a46f5c5745a14fbf826186da8da5ecc3
98º,Invisible Man,https://p.scdn.co/mp3-preview/342ba111a72e670ede6de039800f6196719aaca4?cid=a46f5c5745a14fbf826186da8da5ecc3
98º,I Do,https://p.scdn.co/mp3-preview/4409e5ae7e559413e31110c80288f5f8965eab1d?cid=a46f5c5745a14fbf826186da8da5ecc3
98º,My Everything,https://p.scdn.co/mp3-preview/9a0b4bd6b8c844759d73e3e8338522e7898535ef?cid=a46f5c5745a14fbf826186da8da5ecc3
98º,This Gift,https://p.scdn.co/mp3-preview/a6cf52064e6e7119c6a1dc47ea84c71180fdf357?cid=a46f5c5745a14fbf826186da8da5ecc3
Nick Lachey,What's Left Of Me,https://p.scdn.co/mp3-preview/692e56f2d987b7962a96f898dddc38c2dfdfb09e?cid=635a94c846854eb29813825c79d704a2
Nick Lachey,I Can't Hate You Anymore,https://p.scdn.co/mp3-preview/172f78279e01690123be8e9986b3de36659fc86c?cid=635a94c846854eb29813825c79d704a2
Aventura,Inmortal,https://p.scdn.co/mp3-preview/1342e7f5eb5edb0fe5988676a185b11800856334?cid=635a94c846854eb29813825c79d704a2
Aventura,Ella Y Yo,https://p.scdn.co/mp3-preview/4bf225a6390b3fb6986f757844ebba17bbd5c801?cid=635a94c846854eb29813825c79d704a2
Romeo Santos,Odio,https://p.scdn.co/mp3-preview/85a847a2bdc42ef00c47cd76b6c682ee3726b28b?cid=635a94c846854eb29813825c79d704a2
Romeo Santos,Heroe Favorito,https://p.scdn.co/mp3-preview/658ed910ac56bf5a175c370c5bff06b36ecce038?cid=635a94c846854eb29813825c79d704a2
Romeo Santos,Propuesta Indecente,https://p.scdn.co/mp3-preview/29469d9d9a4d762adaac833443e6c850b49a3540?cid=635a94c846854eb29813825c79d704a2
Romeo Santos,Promise,https://p.scdn.co/mp3-preview/d07256cfad5fd60de1c508bff1ce1e5cfec574fa?cid=635a94c846854eb29813825c79d704a2
Romeo Santos,Imitadora,https://p.scdn.co/mp3-preview/059bc5a521af844d5a4483290e7b81cdaec8b2d1?cid=635a94c846854eb29813825c79d704a2
Romeo Santos,Bella y Sensual,https://p.scdn.co/mp3-preview/8f3dcd705d2222be98a0a5a7abb9a36e4b9886e2?cid=635a94c846854eb29813825c79d704a2
Romeo Santos,You,https://p.scdn.co/mp3-preview/345a1f0de3d882f22b7a22720e46397d315cd6e2?cid=a46f5c5745a14fbf826186da8da5ecc3
Az Yet,Hard To Say I'm Sorry,https://p.scdn.co/mp3-preview/c7319c9794e8ed5a7ce55bd11392bcaf46d186be?cid=635a94c846854eb29813825c79d704a2
Az Yet,Last Night,https://p.scdn.co/mp3-preview/60ced94c96651f45afa72ee5223465b203209cfa?cid=635a94c846854eb29813825c79d704a2
Marc Nelson,15 Minutes,
B2K,"Bump, Bump, Bump",https://p.scdn.co/mp3-preview/847da18c768ccf4489817e684724aa0b51385689?cid=635a94c846854eb29813825c79d704a2
B2K,Girlfriend,https://p.scdn.co/mp3-preview/5080dc604a91af94ea2b6a671fecc27c10b8f116?cid=a46f5c5745a14fbf826186da8da5ecc3
B2K,Gots Ta Be,https://p.scdn.co/mp3-preview/b134e2acb5c00cb4dc7487f18089f4b5f9fe26da?cid=635a94c846854eb29813825c79d704a2
B2K,Uh Huh,https://p.scdn.co/mp3-preview/034aae4d2facc5c667f5407261665339cc3ed4df?cid=635a94c846854eb29813825c79d704a2
B2K,Badaboom,https://p.scdn.co/mp3-preview/f2eb9876a57e380b25d3e91ac73db5c58cf0be4d?cid=635a94c846854eb29813825c79d704a2
B2K,Why I Love You,https://p.scdn.co/mp3-preview/d2b6906ba14d7e63040436499353dd0de839a459?cid=635a94c846854eb29813825c79d704a2
Omarion,Ice Box,https://p.scdn.co/mp3-preview/6981c13770bbab504f06231b8f8a6fca52a2557e?cid=635a94c846854eb29813825c79d704a2
Omarion,Post To Be,https://p.scdn.co/mp3-preview/4415ef7db6c5ff812c9bbb5926932f47fd27355f?cid=635a94c846854eb29813825c79d704a2
Omarion,O,https://p.scdn.co/mp3-preview/e377a1261ce523e10d7df4eb9b660aa34be4f87f?cid=a46f5c5745a14fbf826186da8da5ecc3
Omarion,Entourage,https://p.scdn.co/mp3-preview/539a9fd19a39e196749372cbe25cd00080311e92?cid=635a94c846854eb29813825c79d704a2
Omarion,I Get It In,https://p.scdn.co/mp3-preview/e06ca3c550f777e474292d9729d8b2caf98e78c9?cid=a46f5c5745a14fbf826186da8da5ecc3
Omarion,Touch,https://p.scdn.co/mp3-preview/19c02cf4f9361ea91b885c5fe8a57ca12a50b39e?cid=a46f5c5745a14fbf826186da8da5ecc3
BTS,Dynamite,https://p.scdn.co/mp3-preview/a707728846c105f4d8552b8546c30b121bf517f0?cid=635a94c846854eb29813825c79d704a2
BTS,Life Goes On,https://p.scdn.co/mp3-preview/9dc29ff47cbdda2d3c5a66b3fabf9c7420f62950?cid=635a94c846854eb29813825c79d704a2
BTS,ON,https://p.scdn.co/mp3-preview/1a6af8c9cbcb74c83baabaa10f454db08c13e178?cid=635a94c846854eb29813825c79d704a2
BTS,Boy With Luv,https://p.scdn.co/mp3-preview/d16797fb391fb909f3c46454d7cf89a2718f8171?cid=635a94c846854eb29813825c79d704a2
BTS,Fake Love,https://p.scdn.co/mp3-preview/bc24526c6a5e4d2a63bdbf364705a6012ff2d649?cid=635a94c846854eb29813825c79d704a2
BTS,IDOL,https://p.scdn.co/mp3-preview/fc013a8d8851b4b8342ad30b213e84fd68a6e365?cid=635a94c846854eb29813825c79d704a2
BTS,Blue & Grey,https://p.scdn.co/mp3-preview/2a9059469af841645ac22da0a4e644ed18fe6a04?cid=635a94c846854eb29813825c79d704a2
BTS,Stay,https://p.scdn.co/mp3-preview/abcbd31b7da5f4eec72ca1248ef4108677c252ef?cid=635a94c846854eb29813825c79d704a2
BTS,MIC Drop,https://p.scdn.co/mp3-preview/b47d17ded8e53b76ac6aaf36ccaef9c8cd095b66?cid=635a94c846854eb29813825c79d704a2
BTS,Black Swan,https://p.scdn.co/mp3-preview/879c7106422b0b53852209da6a63210be7e09b01?cid=635a94c846854eb29813825c79d704a2
BTS,DNA,https://p.scdn.co/mp3-preview/ef7f2f01d7b95b8047075247a68d598a71d13ccb?cid=635a94c846854eb29813825c79d704a2
BTS,Fly To My Room,https://p.scdn.co/mp3-preview/178a7c05e3f026a21d2ba6ffce794d3809a1619c?cid=635a94c846854eb29813825c79d704a2
BTS,Telepathy,https://p.scdn.co/mp3-preview/e057af6f770b0a7a5b50a8152194db8e7b538282?cid=635a94c846854eb29813825c79d704a2
BTS,Dis-ease,https://p.scdn.co/mp3-preview/0ceaed1d6b96fc04e513d10f05d1c736caf70b3f?cid=635a94c846854eb29813825c79d704a2
BTS,Make It Right,https://p.scdn.co/mp3-preview/27d07e11fef56c0f8cb8a7e77a445e7371971ea5?cid=635a94c846854eb29813825c79d704a2
BTS,My Time,https://p.scdn.co/mp3-preview/67513befcc0aea1b35469beace63730a10c506dd?cid=635a94c846854eb29813825c79d704a2
BTS,Filter,https://p.scdn.co/mp3-preview/43c93d00d5efbf03937c1ca807fdb383399d598b?cid=635a94c846854eb29813825c79d704a2
j-hope,Chicken Noodle Soup,https://p.scdn.co/mp3-preview/dfc669bfa86bec8fe74de00b249fe1c75c748070?cid=635a94c846854eb29813825c79d704a2
Blackstreet,No Diggity,https://p.scdn.co/mp3-preview/c216640c68846d6587123371495115e119b53f0d?cid=a46f5c5745a14fbf826186da8da5ecc3
Blackstreet,Before I Let You Go,https://p.scdn.co/mp3-preview/5769010a561291502d3e333edc49308b44bf608c?cid=a46f5c5745a14fbf826186da8da5ecc3
Blackstreet,Take Me There,https://p.scdn.co/mp3-preview/63db3ccb6a27bf4f85d1b9b49510977b0f51824b?cid=a46f5c5745a14fbf826186da8da5ecc3
Blackstreet,Booti Call,https://p.scdn.co/mp3-preview/d3454f28066bd0365b350fa1aa4cc129e24d3f3b?cid=a46f5c5745a14fbf826186da8da5ecc3
Blackstreet,Joy,https://p.scdn.co/mp3-preview/4f54feee1c95620ce72faa94b87942306d23b57a?cid=a46f5c5745a14fbf826186da8da5ecc3
Blackstreet,Girlfriend/Boyfriend,https://p.scdn.co/mp3-preview/6b82e1e902e8e1b504c5f4272eb19d2882253371?cid=a46f5c5745a14fbf826186da8da5ecc3
Blackstreet,Fix,https://p.scdn.co/mp3-preview/bb034e1d18822b156970c060403ab2dff438ed34?cid=a46f5c5745a14fbf826186da8da5ecc3
Blackstreet,Tonight's The Night,https://p.scdn.co/mp3-preview/fbc7b3668f44feabb9ad931020d19f978a886279?cid=a46f5c5745a14fbf826186da8da5ecc3
Teddy Riley,My Fantasy,https://p.scdn.co/mp3-preview/63f04ad49a347d650d4db9365ac449454fb16955?cid=a46f5c5745a14fbf826186da8da5ecc3
Boyz II Men,End Of The Road,https://p.scdn.co/mp3-preview/b1e4b116769eccc2818f4f7614508d4b7fdb08f4?cid=a46f5c5745a14fbf826186da8da5ecc3
Boyz II Men,I'll Make Love To You,https://p.scdn.co/mp3-preview/c47095f757a9bc0873e42ac65f316646936e48b3?cid=a46f5c5745a14fbf826186da8da5ecc3
Boyz II Men,On Bended Knee,https://p.scdn.co/mp3-preview/f7ee0e564877209647c64f59cfbf632d4a27b9ff?cid=a46f5c5745a14fbf826186da8da5ecc3
Boyz II Men,4 Seasons Of Loneliness,https://p.scdn.co/mp3-preview/055106f773a8e45cbfd57f35a0990dcaad0356b6?cid=a46f5c5745a14fbf826186da8da5ecc3
Boyz II Men,It's So Hard To Say Goodbye To Yesterday,https://p.scdn.co/mp3-preview/7cfa59b5573c005265f88d09fec1cf2fb9cd1a1d?cid=a46f5c5745a14fbf826186da8da5ecc3
Boyz II Men,Water Runs Dry,https://p.scdn.co/mp3-preview/8b7132763423558bd378ce1d9273f2c138d13972?cid=a46f5c5745a14fbf826186da8da5ecc3
Boyz II Men,Motownphilly,https://p.scdn.co/mp3-preview/cdaebfa39c070e1c898ceb29d978f8a82abfe20c?cid=a46f5c5745a14fbf826186da8da5ecc3
Boyz II Men,In The Still Of The Nite,https://p.scdn.co/mp3-preview/bc138110b0e4d2314ff4fe88447266b8efb3fe29?cid=a46f5c5745a14fbf826186da8da5ecc3
Boyz II Men,A Song For Mama,https://p.scdn.co/mp3-preview/1f7ff5436d6edc6fdd7b3e906658487091ed4d30?cid=a46f5c5745a14fbf826186da8da5ecc3
Boyz II Men,Uhh Ahh,https://p.scdn.co/mp3-preview/1c7c09d16f718e7fae04c093e4595077867ff715?cid=a46f5c5745a14fbf826186da8da5ecc3
Boyz II Men,Thank You,https://p.scdn.co/mp3-preview/d7d2cfb5cba4cece21044d840a0d23285ec409d0?cid=a46f5c5745a14fbf826186da8da5ecc3
Boyz II Men,Let It Snow,https://p.scdn.co/mp3-preview/ebc15dbfa73cbe655dca014101297efe507bd89a?cid=a46f5c5745a14fbf826186da8da5ecc3
Boyz II Men,I Will Get There,https://p.scdn.co/mp3-preview/66226c6f7495723e8dbb4a65b9535c3302f34ce2?cid=a46f5c5745a14fbf826186da8da5ecc3
Boyz II Men,I Remember,https://p.scdn.co/mp3-preview/04ad5323385bf0db665623a489ccc3378ad09b59?cid=a46f5c5745a14fbf826186da8da5ecc3
Boyz II Men,Please Don't Go,https://p.scdn.co/mp3-preview/8a7797756427dc4297adfb2f6d085fe35f0f0b83?cid=a46f5c5745a14fbf826186da8da5ecc3
Boyz II Men,Vibin',https://p.scdn.co/mp3-preview/197a2ce4276a484c240768c77977265112295960?cid=a46f5c5745a14fbf826186da8da5ecc3
Boyz II Men,Thank You In Advance,https://p.scdn.co/mp3-preview/0e8d5dc241a34062a392a5d86624035268782fa0?cid=a46f5c5745a14fbf826186da8da5ecc3
Shawn Stockman,Visions Of A Sunset,https://p.scdn.co/mp3-preview/30b37e05fee0d75aa5ebd04c28388c7599a623d9?cid=a46f5c5745a14fbf826186da8da5ecc3
Destiny's Child,"Bills, Bills, Bills",https://p.scdn.co/mp3-preview/5947a78d5f8dbf6cd776b9fef4aedda4c406f8ba?cid=635a94c846854eb29813825c79d704a2
Destiny's Child,Say My Name,https://p.scdn.co/mp3-preview/26cde6756e631b05cb8b83e99bec8eac00980073?cid=635a94c846854eb29813825c79d704a2
Destiny's Child,Independent Women Part I,https://p.scdn.co/mp3-preview/ec1b786b6675b03448e22f4538d244151512db68?cid=a46f5c5745a14fbf826186da8da5ecc3
Destiny's Child,Bootylicious,https://p.scdn.co/mp3-preview/744f405691f6a13bc60ebce53b10c0cf68d8ded2?cid=635a94c846854eb29813825c79d704a2
Destiny's Child,Survivor,https://p.scdn.co/mp3-preview/c48860e5c7ce2f6a312b6bc4efd16de85ec49216?cid=635a94c846854eb29813825c79d704a2
Destiny's Child,"No, No, No",https://p.scdn.co/mp3-preview/146c7059bf541e3c847968237ea8460f8cc28708?cid=635a94c846854eb29813825c79d704a2
Destiny's Child,"Jumpin', Jumpin'",https://p.scdn.co/mp3-preview/900921fe7ea36b001edc1c21f146c4732ff43032?cid=635a94c846854eb29813825c79d704a2
Destiny's Child,Lose My Breath,https://p.scdn.co/mp3-preview/b15814ded34bdecd70f57aea0f8e2d5744f1446c?cid=635a94c846854eb29813825c79d704a2
Destiny's Child,Soldier,https://p.scdn.co/mp3-preview/dd12122fbfe9cebcffc7e4f30de061508d3b5ca4?cid=635a94c846854eb29813825c79d704a2
Destiny's Child,Emotion,https://p.scdn.co/mp3-preview/c5a0884a607a715cc7ba3d21ac385009a70b6005?cid=635a94c846854eb29813825c79d704a2
Destiny's Child,Cater 2 U,https://p.scdn.co/mp3-preview/7083ad060283d2db0ea455b96a2041239a900615?cid=635a94c846854eb29813825c79d704a2
Destiny's Child,Girl,https://p.scdn.co/mp3-preview/686c0ba0056aed5e9b50f3fa05c1e8a5674b4859?cid=a46f5c5745a14fbf826186da8da5ecc3
Destiny's Child,Bug A Boo,https://p.scdn.co/mp3-preview/182b4638ccbd1330b849deaea65fc23d5683e7ee?cid=635a94c846854eb29813825c79d704a2
Beyoncé,Crazy In Love,https://p.scdn.co/mp3-preview/ce8ace0ec425840416be78db07cf50dd331eed4f?cid=635a94c846854eb29813825c79d704a2
Beyoncé,Baby Boy,https://p.scdn.co/mp3-preview/589c1d95875fad5e369bb9cc2e52b938de6537a2?cid=635a94c846854eb29813825c79d704a2
Beyoncé,Check On It,https://p.scdn.co/mp3-preview/d3e3eacf85c8744d6b481a1813c2c12505beb3e0?cid=635a94c846854eb29813825c79d704a2
Beyoncé,Irreplaceable,https://p.scdn.co/mp3-preview/b1cd9ecf3b5108363846f497897b5bcbec44343a?cid=635a94c846854eb29813825c79d704a2
Beyoncé,Single Ladies,https://p.scdn.co/mp3-preview/69c8bae97df9121ee440b23053fe20f64c204408?cid=635a94c846854eb29813825c79d704a2
Beyoncé,Drunk In Love,https://p.scdn.co/mp3-preview/7052c45ae9298c38fdbd1b45bec7fc5f554fafa0?cid=635a94c846854eb29813825c79d704a2
Beyoncé,Naughty Girl,https://p.scdn.co/mp3-preview/300cc924f4c94a0450464f6d522867214e81e2cd?cid=635a94c846854eb29813825c79d704a2
Beyoncé,Beautiful Liar,https://p.scdn.co/mp3-preview/4123e211fa9f615320415bba6faf4bfabd163e51?cid=635a94c846854eb29813825c79d704a2
Beyoncé,If I Were A Boy,https://p.scdn.co/mp3-preview/f12c28a584052bea2731e3589644a77165b02f7c?cid=635a94c846854eb29813825c79d704a2
Beyoncé,"Me, Myself And I",https://p.scdn.co/mp3-preview/c2fd6a04b5ef5e9ca5573c88679183aaaf9b356f?cid=635a94c846854eb29813825c79d704a2
Beyoncé,Deja Vu,https://p.scdn.co/mp3-preview/f99e1e07866947507b530ac6d225dc44c10e7571?cid=635a94c846854eb29813825c79d704a2
Beyoncé,Halo,https://p.scdn.co/mp3-preview/3c97985f3736fab6d4abcd2067f346a9b30955fa?cid=635a94c846854eb29813825c79d704a2
Beyoncé,Sweet Dreams,https://p.scdn.co/mp3-preview/c76787675800fb0aeb087fae9506380631def9df?cid=635a94c846854eb29813825c79d704a2
Beyoncé,Formation,https://p.scdn.co/mp3-preview/470cfb59470d8313dc99634c2845170b56a8762e?cid=635a94c846854eb29813825c79d704a2
Beyoncé,Ring The Alarm,https://p.scdn.co/mp3-preview/3ceb698b60d7a0e13fc952b67dc4331918f001ae?cid=635a94c846854eb29813825c79d704a2
Beyoncé,Sorry,https://p.scdn.co/mp3-preview/5f4f6414a73c124d629ffe0b0bc8aa679ef10a7c?cid=635a94c846854eb29813825c79d704a2
Beyoncé,7/11,https://p.scdn.co/mp3-preview/c17eaf47f9624029dadcd7672b7896c84923e28c?cid=635a94c846854eb29813825c79d704a2
Beyoncé,Hold Up,https://p.scdn.co/mp3-preview/45ca175a1ceffc733b2d62dfc49e6ede386415c1?cid=635a94c846854eb29813825c79d704a2
Beyoncé,Best Thing I Never Had,https://p.scdn.co/mp3-preview/86466c6e8a9c56977255b4ed91f22a335ed5467e?cid=635a94c846854eb29813825c79d704a2
Beyoncé,6 Inch,https://p.scdn.co/mp3-preview/4c37b4f1134701ab01d4b7159137adeab8e5fdad?cid=635a94c846854eb29813825c79d704a2
Beyoncé,Diva,https://p.scdn.co/mp3-preview/e97d79b76bcb980f9701567b0832d2ebea780a6a?cid=635a94c846854eb29813825c79d704a2
Beyoncé,Love On Top,https://p.scdn.co/mp3-preview/9a7675cc7f71c524af1397cf1675b61a8fbc74ed?cid=635a94c846854eb29813825c79d704a2
Beyoncé,Partition,https://p.scdn.co/mp3-preview/8ecd5010e5a46f1c84f42bcfed50505395825d7a?cid=635a94c846854eb29813825c79d704a2
Beyoncé,Don't Hurt Yourself,https://p.scdn.co/mp3-preview/ca8aa1d17b603b92587e4e850979b19ea5d61a3b?cid=635a94c846854eb29813825c79d704a2
Beyoncé,Run The World,https://p.scdn.co/mp3-preview/c5e90d8d93467fc4aeda29c2cbefaa494081232a?cid=635a94c846854eb29813825c79d704a2
Beyoncé,Freedom,https://p.scdn.co/mp3-preview/fbe70f454ebeab5073a4db690b1c1bbfcd396811?cid=635a94c846854eb29813825c79d704a2
Beyoncé,Pray You Catch Me,https://p.scdn.co/mp3-preview/88351cf8f3e5023b03b9ae0add806ad44288f22b?cid=635a94c846854eb29813825c79d704a2
Beyoncé,Black Parade,https://p.scdn.co/mp3-preview/b2e3679ec741b6b530892ba641752e82d3fcc9aa?cid=635a94c846854eb29813825c79d704a2
Beyoncé,All Night,https://p.scdn.co/mp3-preview/60672180e28c45d7ac6f6b64f444dcfcaa5f9548?cid=635a94c846854eb29813825c79d704a2
Beyoncé,Ego,https://p.scdn.co/mp3-preview/a91388f568991cdd19dac2c03b84e866579bf86e?cid=635a94c846854eb29813825c79d704a2
Beyoncé,***Flawless,https://p.scdn.co/mp3-preview/394cfc8a87a4a57e5bd7f1c76ee9e510172d0b94?cid=a46f5c5745a14fbf826186da8da5ecc3
Beyoncé,Daddy Lessons,https://p.scdn.co/mp3-preview/aa63f0afae4514f698085d43fe30f3e237e9f8b7?cid=635a94c846854eb29813825c79d704a2
Beyoncé,Sandcastles,https://p.scdn.co/mp3-preview/4bbf704b5d7731153324eda2210955084e0214c1?cid=635a94c846854eb29813825c79d704a2
Beyoncé,XO,https://p.scdn.co/mp3-preview/df9b5efc4577e9ef65491b5a3f74f3cf428297d3?cid=635a94c846854eb29813825c79d704a2
Beyoncé,Get Me Bodied,https://p.scdn.co/mp3-preview/0e9776a0ebcaa19dea87f156cacc99e23fd19328?cid=635a94c846854eb29813825c79d704a2
Beyoncé,Love Drought,https://p.scdn.co/mp3-preview/b06ef3adf5b871065002328b3949e0ca341057fd?cid=635a94c846854eb29813825c79d704a2
Beyoncé,Party,https://p.scdn.co/mp3-preview/a80b8733923fc02a13e6ff102518582299771e82?cid=635a94c846854eb29813825c79d704a2
Beyoncé,Dangerously In Love,https://p.scdn.co/mp3-preview/40836fde8404d938ef0563541223b07a058808d4?cid=635a94c846854eb29813825c79d704a2
Beyoncé,1+1,https://p.scdn.co/mp3-preview/58cc606a4cfbc06309d2091f2d6207782518ce9b?cid=635a94c846854eb29813825c79d704a2
Beyoncé,Upgrade U,https://p.scdn.co/mp3-preview/6a88d6460589303a3b4fb27fed848e5ce2f1aa1a?cid=635a94c846854eb29813825c79d704a2
Beyoncé,Listen,https://p.scdn.co/mp3-preview/d3d01207e7ee628f86bdc5c047e73c3fda680b70?cid=635a94c846854eb29813825c79d704a2
Beyoncé,Forward,https://p.scdn.co/mp3-preview/cbe71084f4cd278c646595e620f90dd6504adacc?cid=635a94c846854eb29813825c79d704a2
Beyoncé,Video Phone,https://p.scdn.co/mp3-preview/ca37b5e6f4d0db183d2d6ad5302c0c5894118e5c?cid=635a94c846854eb29813825c79d704a2
Beyoncé,Before I Let Go,https://p.scdn.co/mp3-preview/89593fc2f094e945818f829c1e9111a23a01d140?cid=635a94c846854eb29813825c79d704a2
Beyoncé,At Last,https://p.scdn.co/mp3-preview/4ef7b0565a8287c51d7fd9cde230ba5d66537dfe?cid=635a94c846854eb29813825c79d704a2
Beyoncé,Countdown,https://p.scdn.co/mp3-preview/ad046f8b135785f005bf84b63d657299cd6010ee?cid=635a94c846854eb29813825c79d704a2
Beyoncé,Brown Skin Girl,https://p.scdn.co/mp3-preview/919c83819c5bb9a0097635dd978f9c74135a9cc2?cid=635a94c846854eb29813825c79d704a2
Beyoncé,Dance For You,https://p.scdn.co/mp3-preview/69d99b19f6557ff8cf42b354316ae883d7900347?cid=635a94c846854eb29813825c79d704a2
Beyoncé,Mine,https://p.scdn.co/mp3-preview/106af85b4247de1f32451bb2612d56d79156ea47?cid=a46f5c5745a14fbf826186da8da5ecc3
Beyoncé,Mood 4 Eva,https://p.scdn.co/mp3-preview/2b31e58664fd1dfa83d765063b06fafc51b2c143?cid=635a94c846854eb29813825c79d704a2
Beyoncé,Spirit,https://p.scdn.co/mp3-preview/70db7f11548df1df1e7c03c2478963a9ef216d25?cid=a46f5c5745a14fbf826186da8da5ecc3
Kelly Rowland,Motivation,https://p.scdn.co/mp3-preview/daa4431b61106ee185862466854ef534dcffad83?cid=a46f5c5745a14fbf826186da8da5ecc3
Kelly Rowland,Stole,https://p.scdn.co/mp3-preview/72916b59e8be474733bedba0b4dc678da60b3c68?cid=635a94c846854eb29813825c79d704a2
Kelly Rowland,Like This,https://p.scdn.co/mp3-preview/f6b00d16aa20f3c4e262d1c489e5f1423e23b4fe?cid=635a94c846854eb29813825c79d704a2
Kelly Rowland,Kisses Down Low,https://p.scdn.co/mp3-preview/60c86e5d89b384e2d1736d32b2db58389f0de7a9?cid=a46f5c5745a14fbf826186da8da5ecc3
Kelly Rowland,Ice,https://p.scdn.co/mp3-preview/c805c38f8722e4ade100fcb444d3a490cb187bd5?cid=a46f5c5745a14fbf826186da8da5ecc3
Kelly Rowland,Can't Nobody,https://p.scdn.co/mp3-preview/1f40ee761f8d464b65a376df8320828d28743621?cid=635a94c846854eb29813825c79d704a2
En Vogue,Hold On,https://p.scdn.co/mp3-preview/d96d81ed15b1dbc0ca1fa4069a80234f47bea341?cid=a46f5c5745a14fbf826186da8da5ecc3
En Vogue,My Lovin',https://p.scdn.co/mp3-preview/5d8d1f7fe6368ceedc942ec7787cfc157a772a11?cid=635a94c846854eb29813825c79d704a2
En Vogue,Don't Let Go,https://p.scdn.co/mp3-preview/be0773bbd19f63da1907b08f38baacec0f25578c?cid=635a94c846854eb29813825c79d704a2
En Vogue,Giving Him Something He Can Feel,https://p.scdn.co/mp3-preview/51b83bbc0f2433ef9e887e3d0c889cf1ce9ea887?cid=635a94c846854eb29813825c79d704a2
En Vogue,Free Your Mind,https://p.scdn.co/mp3-preview/af847ddb514efdc4577e97e5cf486d426f90f3a2?cid=635a94c846854eb29813825c79d704a2
En Vogue,"Give It Up, Turn It Loose",https://p.scdn.co/mp3-preview/e109eea2329e7bcf8f74ebe4068e045e8e8ece29?cid=635a94c846854eb29813825c79d704a2
En Vogue,Whatever,https://p.scdn.co/mp3-preview/f807394caa3ac30fd3958d17a065bf15f489439e?cid=a46f5c5745a14fbf826186da8da5ecc3
En Vogue,"Too Gone, Too Long",https://p.scdn.co/mp3-preview/acf822e65cdd4c47ab1a8891729ffef951692ee0?cid=635a94c846854eb29813825c79d704a2
En Vogue,Love Don't Love You,https://p.scdn.co/mp3-preview/1bebab920368492e3b027d4b4df8b89aa7218d9e?cid=635a94c846854eb29813825c79d704a2
En Vogue,Lies,https://p.scdn.co/mp3-preview/6d1640560c026770c9f633a69fe713c3ab29dd35?cid=a46f5c5745a14fbf826186da8da5ecc3
En Vogue,Runaway Love,https://p.scdn.co/mp3-preview/c2b00da190719b7011518dd65df41f3ea833ce68?cid=635a94c846854eb29813825c79d704a2
En Vogue,No Fool No More,https://p.scdn.co/mp3-preview/a255b45371cad06fde4bb74572725a7b3173a5dd?cid=635a94c846854eb29813825c79d704a2
En Vogue,Riddle,https://p.scdn.co/mp3-preview/978925674c1fd0f60221165a482a7c8a63429223?cid=a46f5c5745a14fbf826186da8da5ecc3
Terry Ellis,Where Ever You Are,https://p.scdn.co/mp3-preview/9477e5956503435d398b29e73e732ee5cc0f3b47?cid=635a94c846854eb29813825c79d704a2
Fifth Harmony,Work From Home,https://p.scdn.co/mp3-preview/b2d6e6ea9163eb361f5406f75264de490243964a?cid=635a94c846854eb29813825c79d704a2
Fifth Harmony,Worth It,https://p.scdn.co/mp3-preview/c0f02a6635d964af34db76eaaa60f45c6c73580a?cid=635a94c846854eb29813825c79d704a2
Fifth Harmony,All In My Head,https://p.scdn.co/mp3-preview/c3c593d81c48111296aa5c777d8191305914845e?cid=635a94c846854eb29813825c79d704a2
Fifth Harmony,Sledgehammer,https://p.scdn.co/mp3-preview/44802e8f4662bfa76ed1df8c7c6a69ca29b3b19c?cid=635a94c846854eb29813825c79d704a2
Fifth Harmony,Down,https://p.scdn.co/mp3-preview/84f097dc41716ce269d9d06599e6cabfdd3d0aae?cid=a46f5c5745a14fbf826186da8da5ecc3
Fifth Harmony,Bo$$,https://p.scdn.co/mp3-preview/91e0550a0b3a741db6fd57233469bc57fb713a60?cid=a46f5c5745a14fbf826186da8da5ecc3
Fifth Harmony,That's My Girl,https://p.scdn.co/mp3-preview/e4bb02e30b13d967d882cf8f9fe4b4a85324d7cd?cid=635a94c846854eb29813825c79d704a2
Fifth Harmony,Miss Movin' On,https://p.scdn.co/mp3-preview/3d81aa2fcd8906be2fa222a421cf7bdabf11ac3f?cid=635a94c846854eb29813825c79d704a2
Normani,Motivation,https://p.scdn.co/mp3-preview/f6877dfe11a1c9ea4731947219a956cd18c6a7ed?cid=635a94c846854eb29813825c79d704a2
Camila Cabello,Havana,https://p.scdn.co/mp3-preview/663b794c2fc8da8f9bbe33698cb1bac567126a23?cid=635a94c846854eb29813825c79d704a2
Camila Cabello,Never Be The Same,https://p.scdn.co/mp3-preview/51da25797c110cf14b87c3b308f4a86cb3e0afd4?cid=635a94c846854eb29813825c79d704a2
Camila Cabello,My Oh My,https://p.scdn.co/mp3-preview/f4d0ff165605108542de7358547443d1a9f33fe3?cid=635a94c846854eb29813825c79d704a2
Camila Cabello,Crying In The Club,https://p.scdn.co/mp3-preview/1a9f4cc9835fdf339761f898464a34bd9c51b638?cid=635a94c846854eb29813825c79d704a2
Camila Cabello,Consequences,https://p.scdn.co/mp3-preview/95bdf2362bdb2be09a15a9cca0d8ee885e330916?cid=635a94c846854eb29813825c79d704a2
Camila Cabello,Liar,https://p.scdn.co/mp3-preview/10cc798e1e25bb65f13cbe166aa77e51e2f11474?cid=635a94c846854eb29813825c79d704a2
Camila Cabello,Shameless,https://p.scdn.co/mp3-preview/ecbe1041a69343d4ec849876b8f3b2aa71b332a3?cid=635a94c846854eb29813825c79d704a2
Camila Cabello,OMG,https://p.scdn.co/mp3-preview/8739428508f385aaee50e9c163e684c0f8c7ab2e?cid=635a94c846854eb29813825c79d704a2
Camila Cabello,First Man,https://p.scdn.co/mp3-preview/6a104efc6eb4eed7fee421daa6feedf706862afa?cid=635a94c846854eb29813825c79d704a2
Hi-Five,I Like The Way,https://p.scdn.co/mp3-preview/3206c458c2cbc41d93726915643e23bc0c6c3997?cid=635a94c846854eb29813825c79d704a2
Hi-Five,She's Playing Hard To Get,https://p.scdn.co/mp3-preview/353ae06bbc351c731732860aaa42fdbb80474bae?cid=635a94c846854eb29813825c79d704a2
Hi-Five,I Can't Wait Another Minute,https://p.scdn.co/mp3-preview/7badcf1d4b91dfd1c2c0521f0ea386da9cd33133?cid=635a94c846854eb29813825c79d704a2
Hi-Five,Never Should've Let You Go,https://p.scdn.co/mp3-preview/1f1d1ef6abacb8555e3aa8a01456405223572968?cid=635a94c846854eb29813825c79d704a2
Hi-Five,Quality Time,https://p.scdn.co/mp3-preview/4cd46fb6b1d88998bde380db4188757cfe6e33bd?cid=635a94c846854eb29813825c79d704a2
Hi-Five,Just Another Girlfriend,
Hi-Five,Unconditional Love,https://p.scdn.co/mp3-preview/8be60a4cbc3bc7200394fd902d21d8f15d41ac32?cid=635a94c846854eb29813825c79d704a2
Tony Thompson,I Wanna Love Like That,https://p.scdn.co/mp3-preview/0ffbf3e32eaa3b175a25b358bc8baae0b82e39c4?cid=635a94c846854eb29813825c79d704a2
Immature,Never Lie,https://p.scdn.co/mp3-preview/115e0187aa5825998a382c9a3680ecb54a08ec98?cid=a46f5c5745a14fbf826186da8da5ecc3
Immature,Constantly,https://p.scdn.co/mp3-preview/a9cc4c265bdc0983365bc4bc2e1ce539f42564d0?cid=a46f5c5745a14fbf826186da8da5ecc3
Immature,Watch Me Do My Thing,https://p.scdn.co/mp3-preview/5ce1b6ee95b46e82ded6099e931ebbb376ddc085?cid=a46f5c5745a14fbf826186da8da5ecc3
Immature,Please Don't Go,https://p.scdn.co/mp3-preview/41f42be4a9fe10284dc0aeab6b6275c642e04aa7?cid=a46f5c5745a14fbf826186da8da5ecc3
Immature,We Got It,https://p.scdn.co/mp3-preview/7fa650f05444b07270d74590bbb4f6211dca41d7?cid=a46f5c5745a14fbf826186da8da5ecc3
Immature,Feel The Funk,https://p.scdn.co/mp3-preview/87bb9dcecbb91618b8f79071962e19c22129368d?cid=a46f5c5745a14fbf826186da8da5ecc3
Immature,I'm Not A Fool,https://p.scdn.co/mp3-preview/36022e2cb6b7355cabfe8e67b31c9eb2e6e91aad?cid=a46f5c5745a14fbf826186da8da5ecc3
Immature,I Don't Mind,https://p.scdn.co/mp3-preview/12fd914c23308f7d624a66572923a96914a03638?cid=a46f5c5745a14fbf826186da8da5ecc3
Marques Houston,Clubbin,https://p.scdn.co/mp3-preview/ff133d1a92c6c03faf8886b0dd30437bcbf240b0?cid=635a94c846854eb29813825c79d704a2
Marques Houston,Naked,https://p.scdn.co/mp3-preview/5e4c744b4d803637826323e28f97366993b15c18?cid=a46f5c5745a14fbf826186da8da5ecc3
Marques Houston,That Girl,https://p.scdn.co/mp3-preview/39e8f09507df968e0fc5cba2672b4954849372cf?cid=635a94c846854eb29813825c79d704a2
Marques Houston,All Because Of You,https://p.scdn.co/mp3-preview/8c71fbb28d45d45a367d5531dff5d5c0fddeecf4?cid=635a94c846854eb29813825c79d704a2
Marques Houston,Pop That Booty,https://p.scdn.co/mp3-preview/0373b0cc71df415b8eef41a03215413f38a3c772?cid=635a94c846854eb29813825c79d704a2
Marques Houston,Circle,https://p.scdn.co/mp3-preview/9fce39004b3543b0cd220039007103d6dd2be5ca?cid=a46f5c5745a14fbf826186da8da5ecc3
Jodeci,Lately,https://p.scdn.co/mp3-preview/4df79562f997918804abc0100daf93d5f1aa4655?cid=a46f5c5745a14fbf826186da8da5ecc3
Jodeci,Come & Talk To Me,https://p.scdn.co/mp3-preview/597bfeaf56e4bac35062b6d7a6944de2a808e1dd?cid=a46f5c5745a14fbf826186da8da5ecc3
Jodeci,Freek'n You,https://p.scdn.co/mp3-preview/d5708875917473c650a53e617a17416f58ed8eae?cid=a46f5c5745a14fbf826186da8da5ecc3
Jodeci,Cry For You,https://p.scdn.co/mp3-preview/8e607563c81969662e188fc79daaf8e12b30125b?cid=a46f5c5745a14fbf826186da8da5ecc3
Jodeci,Get On Up,https://p.scdn.co/mp3-preview/acc0128348a7e2a63ae45d195d09c98876629fbb?cid=a46f5c5745a14fbf826186da8da5ecc3
Jodeci,Forever My Lady,https://p.scdn.co/mp3-preview/1765127c46cb415a3b2d01e01c8268d2e3878c64?cid=a46f5c5745a14fbf826186da8da5ecc3
Jodeci,Feenin',https://p.scdn.co/mp3-preview/1aa7a5d56499798905d1f21dc5c1d40c6b3779ae?cid=a46f5c5745a14fbf826186da8da5ecc3
Jodeci,Love U 4 Life,https://p.scdn.co/mp3-preview/22c2ade5079e7c41cf9b804e37fe98ab4eb39644?cid=a46f5c5745a14fbf826186da8da5ecc3
Jodeci,Stay,https://p.scdn.co/mp3-preview/b024d94b4956e511fbedfbbbc845642c1fdf2240?cid=a46f5c5745a14fbf826186da8da5ecc3
Jodeci,Let's Go Through The Motions,
Jodeci,I'm Still Waiting,https://p.scdn.co/mp3-preview/b8e507f57cf870f1023c3d7ea488afff556d860e?cid=a46f5c5745a14fbf826186da8da5ecc3
K-Ci,If You Think You're Lonely Now,https://p.scdn.co/mp3-preview/fdfb78d0c52f6ea859e180838146cd033ad806c6?cid=a46f5c5745a14fbf826186da8da5ecc3
Jonas Brothers,Sucker,https://p.scdn.co/mp3-preview/8b304ee721be5f4235a67722670be137c785de1e?cid=a46f5c5745a14fbf826186da8da5ecc3
Jonas Brothers,Burnin' Up,https://p.scdn.co/mp3-preview/e2edfa3324c07d891a7b2001db0ab3b096e75a9b?cid=a46f5c5745a14fbf826186da8da5ecc3
Jonas Brothers,Tonight,https://p.scdn.co/mp3-preview/e59e82b231452ee975b132c3a57f52bf55f0b4cf?cid=a46f5c5745a14fbf826186da8da5ecc3
Jonas Brothers,A Little Bit Longer,https://p.scdn.co/mp3-preview/82d81c4599a3451cac352f0ace3428658e01e94e?cid=a46f5c5745a14fbf826186da8da5ecc3
Jonas Brothers,Pushin' Me Away,https://p.scdn.co/mp3-preview/5e82b932bc193d4a3afecc69762e7b63697e6b98?cid=a46f5c5745a14fbf826186da8da5ecc3
Jonas Brothers,What A Man Gotta Do,https://p.scdn.co/mp3-preview/a4dd4e46acf5230e916bcaa1ab15e1f4f7f3b382?cid=a46f5c5745a14fbf826186da8da5ecc3
Jonas Brothers,S.O.S.,https://p.scdn.co/mp3-preview/2a712e5b66253b33e562068a7e533be3611b15cb?cid=a46f5c5745a14fbf826186da8da5ecc3
Jonas Brothers,Only Human,https://p.scdn.co/mp3-preview/98a4739215b9da75a3efb07ca555fc1c89053273?cid=a46f5c5745a14fbf826186da8da5ecc3
Jonas Brothers,Play My Music,https://p.scdn.co/mp3-preview/1de8c9f1fc0ce7119cd4ce27832293756cb840c3?cid=a46f5c5745a14fbf826186da8da5ecc3
Jonas Brothers,When You Look Me In The Eyes,https://p.scdn.co/mp3-preview/0d65181b60bbe643de6a620202d5145637969f9b?cid=a46f5c5745a14fbf826186da8da5ecc3
Jonas Brothers,Cool,https://p.scdn.co/mp3-preview/fe387cfd7406acb4364b2639cc8df96283663447?cid=a46f5c5745a14fbf826186da8da5ecc3
Jonas Brothers,Year 3000,https://p.scdn.co/mp3-preview/1db97b56842cd74950ba5c511f1b3d4b0b4efec2?cid=a46f5c5745a14fbf826186da8da5ecc3
Jonas Brothers,X,https://p.scdn.co/mp3-preview/499d99286e3b5d69815c54bf60e3a1d5945c13ac?cid=a46f5c5745a14fbf826186da8da5ecc3
Jonas Brothers,Paranoid,https://p.scdn.co/mp3-preview/14571632750b8c17013931f746fa7521afca6776?cid=a46f5c5745a14fbf826186da8da5ecc3
Jonas Brothers,Like It's Christmas,https://p.scdn.co/mp3-preview/a6b3b85df61098f5e970a739c0cb31d5ef5a597d?cid=a46f5c5745a14fbf826186da8da5ecc3
Jonas Brothers,Lovebug,https://p.scdn.co/mp3-preview/24c4272b45a1e7614b0b3f490800eca8529544f5?cid=a46f5c5745a14fbf826186da8da5ecc3
Jonas Brothers,Hold On,https://p.scdn.co/mp3-preview/328199333bb463cf328278e9b241396b9bd8615f?cid=a46f5c5745a14fbf826186da8da5ecc3
Jonas Brothers,Pom Poms,https://p.scdn.co/mp3-preview/9b5b5044c3b043295b0dbd1e45f1db97c0fd3e08?cid=635a94c846854eb29813825c79d704a2
Jonas Brothers,Fly With Me,https://p.scdn.co/mp3-preview/6bc04d31fc75e23a2f0fafc8cf0f67b87cb4260f?cid=a46f5c5745a14fbf826186da8da5ecc3
Jonas Brothers,Love Is On Its Way,https://p.scdn.co/mp3-preview/51fa259802a53abcc2b9000f47749ac65e57f32f?cid=a46f5c5745a14fbf826186da8da5ecc3
Jonas Brothers,BB Good,https://p.scdn.co/mp3-preview/4c2f60e2bd193ac72fe3d6d7debb470171f49d63?cid=a46f5c5745a14fbf826186da8da5ecc3
Joe Jonas,Gotta Find You,https://p.scdn.co/mp3-preview/3eda361697a97f212f4d52997cf3beba907d2d07?cid=a46f5c5745a14fbf826186da8da5ecc3
Joe Jonas,See No More,https://p.scdn.co/mp3-preview/0082edbd35dda4f46caa219a08a81861747d82ae?cid=a46f5c5745a14fbf826186da8da5ecc3
Nick Jonas,Jealous,https://p.scdn.co/mp3-preview/d805cb9d20ddc30f7dd23974037e7101767c4d1e?cid=a46f5c5745a14fbf826186da8da5ecc3
Nick Jonas,Chains,https://p.scdn.co/mp3-preview/eae20ef2483f4728248c8e4412e9a3ee77019a74?cid=a46f5c5745a14fbf826186da8da5ecc3
Nick Jonas,Close,https://p.scdn.co/mp3-preview/6b4a4096d525f0446accc2325b97a2984685b30c?cid=a46f5c5745a14fbf826186da8da5ecc3
Nick Jonas,Levels,https://p.scdn.co/mp3-preview/35b4be3c648bbee362b068af3d1444637965cf04?cid=a46f5c5745a14fbf826186da8da5ecc3
Nick Jonas,Bom Bidi Bom,https://p.scdn.co/mp3-preview/d9f4ef21b21d5af4d13554dd0e6555546c029fbf?cid=a46f5c5745a14fbf826186da8da5ecc3
Nick Jonas,Who I Am,https://p.scdn.co/mp3-preview/5d6e36189ae586b1458cb328ed04e654ec5b2f09?cid=a46f5c5745a14fbf826186da8da5ecc3
Nick Jonas,Introducing Me,https://p.scdn.co/mp3-preview/7efee44df4d08fa75486f848634263d8f21bfe75?cid=a46f5c5745a14fbf826186da8da5ecc3
Klymaxx,I Miss You,https://p.scdn.co/mp3-preview/8221e8b88d6a4c2465f4b52aea81a06621ca557d?cid=a46f5c5745a14fbf826186da8da5ecc3
Klymaxx,Man Size Love,https://p.scdn.co/mp3-preview/582acc6a7f8790097943f1090e82b8ea3fe647b2?cid=a46f5c5745a14fbf826186da8da5ecc3
Klymaxx,I'd Still Say Yes,https://p.scdn.co/mp3-preview/5cbae784f5fed1a9c61c94c45bfedb152c17c999?cid=a46f5c5745a14fbf826186da8da5ecc3
Klymaxx,Meeting In The Ladies Room,https://p.scdn.co/mp3-preview/1fc58d4e34f0e2a647b2559b8a17d9d780cd8823?cid=a46f5c5745a14fbf826186da8da5ecc3
Klymaxx,The Men All Pause,https://p.scdn.co/mp3-preview/67e19829edc045645926df3f59b6d20859206e28?cid=a46f5c5745a14fbf826186da8da5ecc3
Joyce Irby,I'll Be There,https://p.scdn.co/mp3-preview/2ed818d6389930fc8116927fa5865bfaf0d8b8de?cid=a46f5c5745a14fbf826186da8da5ecc3
Menudo,Hold Me,https://p.scdn.co/mp3-preview/2e6ec3190d1bdef63a9205688ca9072af7967c4d?cid=a46f5c5745a14fbf826186da8da5ecc3
Ricky Martin,Livin' La Vida Loca,https://p.scdn.co/mp3-preview/5fdf7aacfed97c3f3d476f58dac07b8214421acc?cid=635a94c846854eb29813825c79d704a2
Ricky Martin,She's All I Ever Had,https://p.scdn.co/mp3-preview/be1ea685b91fbdc080f77558f8533a993e82ebf0?cid=635a94c846854eb29813825c79d704a2
Ricky Martin,She Bangs,https://p.scdn.co/mp3-preview/d26b3e2f4fd99588095d632fe0f8d64ce26188a5?cid=635a94c846854eb29813825c79d704a2
Ricky Martin,Nobody Wants To Be Lonely,https://p.scdn.co/mp3-preview/6a3184ba982c788fd4dd5ccb92f8cfee16cf743a?cid=635a94c846854eb29813825c79d704a2
Ricky Martin,Shake Your Bon-Bon,https://p.scdn.co/mp3-preview/0f4d04160a10d22da3a00309a12f06612c68cad7?cid=635a94c846854eb29813825c79d704a2
Ricky Martin,The Cup Of Life,https://p.scdn.co/mp3-preview/f123e2bd917b9cb50c46a53f7228a65319478cbe?cid=635a94c846854eb29813825c79d704a2
Ricky Martin,I Don't Care,https://p.scdn.co/mp3-preview/9c8e6c72ebb72c600c670e3d69a31aea711c7faf?cid=a46f5c5745a14fbf826186da8da5ecc3
Ricky Martin,Private Emotion,https://p.scdn.co/mp3-preview/c97138e03780aaa9b5cb3c808a190b55aad65edf?cid=635a94c846854eb29813825c79d704a2
Ricky Martin,Tal Vez,https://p.scdn.co/mp3-preview/63549f6bd2da8964c8b165258893c11c83f5ae68?cid=635a94c846854eb29813825c79d704a2
Ricky Martin,Lo Mejor De Mi Vida Eres Tu,https://p.scdn.co/mp3-preview/519e2826c0023c89d879faa03429647f93ed1771?cid=635a94c846854eb29813825c79d704a2
Ricky Martin,Maria,https://p.scdn.co/mp3-preview/e0ba3d6b42a047689897df5ba3521b42a3f420e8?cid=a46f5c5745a14fbf826186da8da5ecc3
Ricky Martin,Tu Recuerdo,https://p.scdn.co/mp3-preview/5ce825d4f0393c8c60b3ee951e8a56c31b30e4b8?cid=635a94c846854eb29813825c79d704a2
Ricky Martin,Loaded,https://p.scdn.co/mp3-preview/abe86a6fdc97da1522346fa4787f2d69af5a65f7?cid=a46f5c5745a14fbf826186da8da5ecc3
New Edition,Hit Me Off,https://p.scdn.co/mp3-preview/3f24544113a4cc1fbd33f4969694691af065d66a?cid=a46f5c5745a14fbf826186da8da5ecc3
New Edition,Cool It Now,https://p.scdn.co/mp3-preview/b41818e4e07b9001f1f8d17773291b9167abe15c?cid=a46f5c5745a14fbf826186da8da5ecc3
New Edition,If It Isn't Love,https://p.scdn.co/mp3-preview/110af5684e578dd647b1c336e1d66a824421c804?cid=a46f5c5745a14fbf826186da8da5ecc3
New Edition,I'm Still In Love With You,https://p.scdn.co/mp3-preview/ec53a7427665a85b9aa28e87beda96fee8123104?cid=a46f5c5745a14fbf826186da8da5ecc3
New Edition,Mr. Telephone Man,https://p.scdn.co/mp3-preview/2ddca78a6102ce76b60a3663cafae2f45231be5a?cid=a46f5c5745a14fbf826186da8da5ecc3
New Edition,Earth Angel,
New Edition,Lost In Love,https://p.scdn.co/mp3-preview/c6c50723aba7bfe61141db6f0d55aa84399f2a24?cid=a46f5c5745a14fbf826186da8da5ecc3
New Edition,A Little Bit Of Love,https://p.scdn.co/mp3-preview/658bce73be6803164f0fb9e693e27e73dd2cf43f?cid=a46f5c5745a14fbf826186da8da5ecc3
New Edition,Can You Stand The Rain,https://p.scdn.co/mp3-preview/f7cb300c7a478d3439785ba34568e8da24b27c3e?cid=a46f5c5745a14fbf826186da8da5ecc3
New Edition,Candy Girl,https://p.scdn.co/mp3-preview/f83e86193706cc3ca908684ca744eb3e02088f34?cid=635a94c846854eb29813825c79d704a2
New Edition,Count Me Out,https://p.scdn.co/mp3-preview/2cc9c49cd2c78223fcc85c558806845378c9d289?cid=a46f5c5745a14fbf826186da8da5ecc3
New Edition,With You All The Way,https://p.scdn.co/mp3-preview/a882daf9a070d4d7ab9867fa57c8fe130627a744?cid=a46f5c5745a14fbf826186da8da5ecc3
New Edition,One More Day,https://p.scdn.co/mp3-preview/929d8cc7d4acce23ca0623c96a56dbe6b0cf9498?cid=a46f5c5745a14fbf826186da8da5ecc3
New Edition,Is This The End,https://p.scdn.co/mp3-preview/07cdb2be532e76c0a9180a293fe29e62e5706df1?cid=635a94c846854eb29813825c79d704a2
New Edition,Hot 2Nite,https://p.scdn.co/mp3-preview/cc11d7458d90cf3d5a66f771915b4fb2cd78970d?cid=635a94c846854eb29813825c79d704a2
New Edition,You're Not My Kind Of Girl,https://p.scdn.co/mp3-preview/5ea64cda7a594e29176883f6b129ad46cfbcb4a1?cid=a46f5c5745a14fbf826186da8da5ecc3
Bobby Brown,My Prerogative,https://p.scdn.co/mp3-preview/d56c192e15c4a0ee69e33beeea99d931a7ebe747?cid=a46f5c5745a14fbf826186da8da5ecc3
Bobby Brown,On Our Own,https://p.scdn.co/mp3-preview/16fa220e8a3121873af53bf33424ccd13ab38376?cid=a46f5c5745a14fbf826186da8da5ecc3
Bobby Brown,Roni,https://p.scdn.co/mp3-preview/f9c9326fda796a9e5256a7e78673ea644620dd52?cid=a46f5c5745a14fbf826186da8da5ecc3
Bobby Brown,Every Little Step,https://p.scdn.co/mp3-preview/e0284a46a50567c72f678e5928644a4edf2537eb?cid=a46f5c5745a14fbf826186da8da5ecc3
Bobby Brown,Humpin' Around,https://p.scdn.co/mp3-preview/b5212135c4d2fe2850859be1b97014275271c53a?cid=a46f5c5745a14fbf826186da8da5ecc3
Bobby Brown,Rock Wit'cha,https://p.scdn.co/mp3-preview/c56babca4be7cd6fd7a0961984d2ad0dde9c56fd?cid=a46f5c5745a14fbf826186da8da5ecc3
Bobby Brown,Good Enough,https://p.scdn.co/mp3-preview/f17c320b75b556137e26476cdd6f52a2d2ef98d6?cid=a46f5c5745a14fbf826186da8da5ecc3
Bobby Brown,Don't Be Cruel,https://p.scdn.co/mp3-preview/ad525806c9dad62682fbc1d0840fda82bbbb87a1?cid=a46f5c5745a14fbf826186da8da5ecc3
Bobby Brown,Get Away,https://p.scdn.co/mp3-preview/580f3f7352fdd4c8790bf9dda25b355fe7ead7d1?cid=a46f5c5745a14fbf826186da8da5ecc3
Bobby Brown,Girlfriend,https://p.scdn.co/mp3-preview/397e4d7a8c92480ac5dbc1527084488c1899267f?cid=a46f5c5745a14fbf826186da8da5ecc3
Bobby Brown,That's The Way Love Is,https://p.scdn.co/mp3-preview/3c2f7b3559c37269fff589263b76f4bd254a2b2a?cid=a46f5c5745a14fbf826186da8da5ecc3
Johnny Gill,Rub You The Right Way,https://p.scdn.co/mp3-preview/39220d84aa8a922921d5d7e7855c628bd3e2e187?cid=a46f5c5745a14fbf826186da8da5ecc3
Johnny Gill,"My, My, My",https://p.scdn.co/mp3-preview/94868954a41e4327d0a9a4164494621fa23f0fbf?cid=a46f5c5745a14fbf826186da8da5ecc3
Johnny Gill,Fairweather Friend,https://p.scdn.co/mp3-preview/ed94174d88c619f818bc048b2eba38e54451d8e1?cid=a46f5c5745a14fbf826186da8da5ecc3
Johnny Gill,It's Your Body,https://p.scdn.co/mp3-preview/fff046931117cdadaae18b9207780a112cc3afe7?cid=a46f5c5745a14fbf826186da8da5ecc3
Johnny Gill,Let's Get The Mood Right,https://p.scdn.co/mp3-preview/09109a04d9516e338f7a6bf099720b794f99f0cd?cid=a46f5c5745a14fbf826186da8da5ecc3
Johnny Gill,The Floor,https://p.scdn.co/mp3-preview/4cf3a4a086be8a7967a121f54da9cef82cae94e4?cid=a46f5c5745a14fbf826186da8da5ecc3
Johnny Gill,Wrap My Body Tight,https://p.scdn.co/mp3-preview/2f058b9b6e18e16ad17cf87fb3e6f9cc023ea6c8?cid=a46f5c5745a14fbf826186da8da5ecc3
Ralph Tresvant,Sensitivity,https://p.scdn.co/mp3-preview/34089d804f91b33280a2f8c599849afda7864ba1?cid=a46f5c5745a14fbf826186da8da5ecc3
Ralph Tresvant,Stone Cold Gentleman,https://p.scdn.co/mp3-preview/7f67434ecb1c8a7b7e46a8799e52ac29cdf1d6b2?cid=a46f5c5745a14fbf826186da8da5ecc3
Ralph Tresvant,Money Can't Buy You Love,
New Kids On The Block,I'll Be Loving You,https://p.scdn.co/mp3-preview/1dd4aba1b9498e2ce8adc5f5fca8063a8ff9c621?cid=635a94c846854eb29813825c79d704a2
New Kids On The Block,Hangin' Tough,https://p.scdn.co/mp3-preview/804e27518396879c42bc71686b36da029eaa5777?cid=635a94c846854eb29813825c79d704a2
New Kids On The Block,Step By Step,https://p.scdn.co/mp3-preview/d87625852124cdfd62dfe49837d1bad6782baa7a?cid=635a94c846854eb29813825c79d704a2
New Kids On The Block,Cover Girl,https://p.scdn.co/mp3-preview/389610f37d04a5dc7568f723ae62892d5bcf4b62?cid=635a94c846854eb29813825c79d704a2
New Kids On The Block,You Got It,https://p.scdn.co/mp3-preview/8093dcce5347a9fc693b7a142dfd96142512faa1?cid=635a94c846854eb29813825c79d704a2
New Kids On The Block,This One's For The Children,https://p.scdn.co/mp3-preview/ec49a0da820e4e3569416f713bd42138118fecdb?cid=635a94c846854eb29813825c79d704a2
New Kids On The Block,Tonight,https://p.scdn.co/mp3-preview/210a0ad1bd9a51e98cd09d0f2f76bf2fdf26db1d?cid=a46f5c5745a14fbf826186da8da5ecc3
New Kids On The Block,Didn't I,https://p.scdn.co/mp3-preview/e693be4c716af0b2655c0a932d59568f2313a829?cid=a46f5c5745a14fbf826186da8da5ecc3
New Kids On The Block,Please Don't Go Girl,https://p.scdn.co/mp3-preview/096b9ceea92dc3032b5ede55bdf661dfa536b8fd?cid=635a94c846854eb29813825c79d704a2
New Kids On The Block,Summertime,https://p.scdn.co/mp3-preview/0c9c65bd10326fe34c8478225d0add83a9b2199b?cid=a46f5c5745a14fbf826186da8da5ecc3
New Kids On The Block,Let's Try It Again,https://p.scdn.co/mp3-preview/f6e2ef19945aab06999ce2e9aa436bc0da1615aa?cid=635a94c846854eb29813825c79d704a2
Joey McIntyre,Stay The Same,https://p.scdn.co/mp3-preview/c10abb691cd5f47803ac5df94b4c01bc813b81ad?cid=635a94c846854eb29813825c79d704a2
Joey McIntyre,I Love You Came Too Late,https://p.scdn.co/mp3-preview/a1bb09f71686839c5a23c23f059be2190d8133df?cid=635a94c846854eb29813825c79d704a2
Jordan Knight,Give It To You,https://p.scdn.co/mp3-preview/ab0ea78e296f176263d17e6f1554ee6fb5fe2cf1?cid=a46f5c5745a14fbf826186da8da5ecc3
One Direction,Best Song Ever,https://p.scdn.co/mp3-preview/5e4931ee7653a4f078e1734c64daa14bd4262054?cid=635a94c846854eb29813825c79d704a2
One Direction,Live While We're Young,https://p.scdn.co/mp3-preview/2d7e502cfbccd748e5c4b0d032e775ecca4ed721?cid=635a94c846854eb29813825c79d704a2
One Direction,Drag Me Down,https://p.scdn.co/mp3-preview/09a6fcd9ca6aac808bf9ab042a55ca9ea63d66d0?cid=635a94c846854eb29813825c79d704a2
One Direction,What Makes You Beautiful,https://p.scdn.co/mp3-preview/170a9a5c3c9d418b8a3027ef538dd34b3291dfeb?cid=635a94c846854eb29813825c79d704a2
One Direction,Story Of My Life,https://p.scdn.co/mp3-preview/e8cbef539a2a32def5e66968cc00769a4f523c1c?cid=635a94c846854eb29813825c79d704a2
One Direction,Perfect,https://p.scdn.co/mp3-preview/c6272bcc7ec076e8ef127a4ae95aca99aa3728ed?cid=635a94c846854eb29813825c79d704a2
One Direction,Diana,https://p.scdn.co/mp3-preview/a58009660be52f00f985bab0bfa3506f6322315b?cid=635a94c846854eb29813825c79d704a2
One Direction,Midnight Memories,https://p.scdn.co/mp3-preview/8c6d5d7d58c717a9c81d24568b0f13b83f022aa7?cid=635a94c846854eb29813825c79d704a2
One Direction,One Way Or Another,https://p.scdn.co/mp3-preview/3046a8e084730036f03860299202c45389d51c75?cid=635a94c846854eb29813825c79d704a2
One Direction,Steal My Girl,https://p.scdn.co/mp3-preview/2be03a39526b79e665a488afb5f87257a7977dce?cid=635a94c846854eb29813825c79d704a2
One Direction,Night Changes,https://p.scdn.co/mp3-preview/c79b330f42df9569657670bb0ff072792a455bc4?cid=635a94c846854eb29813825c79d704a2
One Direction,Little Things,https://p.scdn.co/mp3-preview/59838231d1bd3851e8af04a8015f7a5efd144311?cid=635a94c846854eb29813825c79d704a2
One Direction,One Thing,https://p.scdn.co/mp3-preview/f211f125292ebc47b63b3112b8869c9c6089392e?cid=635a94c846854eb29813825c79d704a2
One Direction,Kiss You,https://p.scdn.co/mp3-preview/bcdf1c7c9665d940dc7b7d3bb41789ad6f447a02?cid=635a94c846854eb29813825c79d704a2
One Direction,Infinity,https://p.scdn.co/mp3-preview/e9744cefc3e5b864d16006ae7a446508cad60050?cid=635a94c846854eb29813825c79d704a2
One Direction,History,https://p.scdn.co/mp3-preview/d5b6e7b1d0dd9e9bb3ddf05ce36cf0dd8fb53ef9?cid=635a94c846854eb29813825c79d704a2
One Direction,You & I,https://p.scdn.co/mp3-preview/0e98fb1c291a454abde0ea94c4e97195705b2a23?cid=635a94c846854eb29813825c79d704a2
One Direction,Home,https://p.scdn.co/mp3-preview/d4a5f40305707d7449273eaf3e887b116beee03c?cid=a46f5c5745a14fbf826186da8da5ecc3
One Direction,Ready To Run,https://p.scdn.co/mp3-preview/338c5f25608a8de24c515c20edc1aadb3f54560d?cid=635a94c846854eb29813825c79d704a2
One Direction,If I Could Fly,https://p.scdn.co/mp3-preview/7e0bbca796482ad0fcbb0a956202884200b53443?cid=635a94c846854eb29813825c79d704a2
One Direction,Strong,https://p.scdn.co/mp3-preview/a87d5c7d1a06d29402eabd5415625f94396d378f?cid=635a94c846854eb29813825c79d704a2
One Direction,18,https://p.scdn.co/mp3-preview/3e06f146adca97db0180076ce10af09748dfde9c?cid=635a94c846854eb29813825c79d704a2
One Direction,Olivia,https://p.scdn.co/mp3-preview/3a065aa3661446179f6452722ea9d9809f437e93?cid=635a94c846854eb29813825c79d704a2
One Direction,Where Do Broken Hearts Go,https://p.scdn.co/mp3-preview/b6c4226239663648d07c4595a626d3da310013d4?cid=635a94c846854eb29813825c79d704a2
One Direction,A.M.,https://p.scdn.co/mp3-preview/f4ba470b00e4232767a338ccd1fac23f0bcf5818?cid=635a94c846854eb29813825c79d704a2
One Direction,Temporary Fix,https://p.scdn.co/mp3-preview/0f695e50b28cc4290e005a22767d21ba2348d23b?cid=635a94c846854eb29813825c79d704a2
One Direction,Rock Me,https://p.scdn.co/mp3-preview/fc7ed8ca815fd2bc362ab35e4ad28b1aebf84cc5?cid=635a94c846854eb29813825c79d704a2
One Direction,Stockholm Syndrome,https://p.scdn.co/mp3-preview/12d221c59d1807e026b3adb09d08ffd3781d0da5?cid=635a94c846854eb29813825c79d704a2
One Direction,Never Enough,https://p.scdn.co/mp3-preview/4c3402e6fe583141f28e1cc254b003eec7d58181?cid=635a94c846854eb29813825c79d704a2
Harry Styles,Watermelon Sugar,https://p.scdn.co/mp3-preview/0c51b5f7ed852504844feebfb4f4b7f099452662?cid=635a94c846854eb29813825c79d704a2
Harry Styles,Sign Of The Times,https://p.scdn.co/mp3-preview/af237206f611b722f48620ece049aff3b8650e77?cid=635a94c846854eb29813825c79d704a2
Harry Styles,Adore You,https://p.scdn.co/mp3-preview/2dbeaa922270b3372d221f09c773a38696aed573?cid=635a94c846854eb29813825c79d704a2
Harry Styles,Lights Up,https://p.scdn.co/mp3-preview/2a91b13bd532e2752e0c48d23a459b873d9bf530?cid=635a94c846854eb29813825c79d704a2
Harry Styles,Falling,https://p.scdn.co/mp3-preview/755e88e49f038885df13efc6689381a2068e972d?cid=635a94c846854eb29813825c79d704a2
Harry Styles,Golden,https://p.scdn.co/mp3-preview/b8bbc5ca9cc5fc1a9ddb73fa47107f00c59c422c?cid=635a94c846854eb29813825c79d704a2
Harry Styles,Cherry,https://p.scdn.co/mp3-preview/f8318c0ce76290b873992163473b33454ffb1bc4?cid=635a94c846854eb29813825c79d704a2
Harry Styles,Sweet Creature,https://p.scdn.co/mp3-preview/c6545e608f8a8790f65edb274e92bdc6d4b133d5?cid=635a94c846854eb29813825c79d704a2
Harry Styles,She,https://p.scdn.co/mp3-preview/c09d0c910ed3f8de74a4b6774c78e9f57082de8b?cid=635a94c846854eb29813825c79d704a2
Liam Payne,Strip That Down,https://p.scdn.co/mp3-preview/425e30d06279629e89fc476a43022726873ed5da?cid=a46f5c5745a14fbf826186da8da5ecc3
Liam Payne,For You,https://p.scdn.co/mp3-preview/04a97f5a88dc47624752b7c8b1046c1cc3fed99c?cid=a46f5c5745a14fbf826186da8da5ecc3
Liam Payne,Bedroom Floor,https://p.scdn.co/mp3-preview/e7b7c95dc1f92ff1b552d4c0e5226d8f78c864a9?cid=a46f5c5745a14fbf826186da8da5ecc3
Louis Tomlinson,Back To You,https://p.scdn.co/mp3-preview/7f538f37efa5e099ba7ad81f71aef10648c2da20?cid=635a94c846854eb29813825c79d704a2
Niall Horan,Slow Hands,https://p.scdn.co/mp3-preview/7d5f155877e2171c763e33b5ac3a78e2f0a303c9?cid=a46f5c5745a14fbf826186da8da5ecc3
Niall Horan,This Town,https://p.scdn.co/mp3-preview/abe61e6005a02a096d0d7d198eddcd4a37ccc1f7?cid=a46f5c5745a14fbf826186da8da5ecc3
Niall Horan,Nice To Meet Ya,https://p.scdn.co/mp3-preview/f45c20d57954b4d359d37d4a82943f61c1636648?cid=a46f5c5745a14fbf826186da8da5ecc3
Niall Horan,Too Much To Ask,https://p.scdn.co/mp3-preview/e19a01acc9a7bbce9288dd6c592a27100bac8aae?cid=a46f5c5745a14fbf826186da8da5ecc3
Niall Horan,No Judgement,https://p.scdn.co/mp3-preview/e96dba23dd3e7c456a612796867a2999fd578998?cid=a46f5c5745a14fbf826186da8da5ecc3
ZAYN,Pillowtalk,https://p.scdn.co/mp3-preview/61144d52a3b955f9649313fa416b397acc0b28a6?cid=635a94c846854eb29813825c79d704a2
ZAYN,I Don't Wanna Live Forever,https://p.scdn.co/mp3-preview/8bffefb0d34f65ba1cb49bd366bcceaf9a4c933a?cid=a46f5c5745a14fbf826186da8da5ecc3
ZAYN,Dusk Till Dawn,https://p.scdn.co/mp3-preview/e2e03acfd38d7cfa2baa924e0e9c7a80f9b49137?cid=635a94c846854eb29813825c79d704a2
ZAYN,Like I Would,https://p.scdn.co/mp3-preview/d6e8ae966cc02e324ab0991a68392349e473096f?cid=635a94c846854eb29813825c79d704a2
ZAYN,It's You,https://p.scdn.co/mp3-preview/dc52c29b8b7ed68075a8c9032537b450e1cc689d?cid=635a94c846854eb29813825c79d704a2
ZAYN,Still Got Time,https://p.scdn.co/mp3-preview/cc28d32b3c1064287d32fa2dd85d1667b7bc7cb8?cid=635a94c846854eb29813825c79d704a2
ZAYN,Let Me,https://p.scdn.co/mp3-preview/e9b2bcbd7ccad88cc999ff22778e721d63c40164?cid=a46f5c5745a14fbf826186da8da5ecc3
ZAYN,Better,https://p.scdn.co/mp3-preview/3e0626d9c8c25d15aa51a9688feda00d29bba477?cid=635a94c846854eb29813825c79d704a2
TLC,Creep,https://p.scdn.co/mp3-preview/c3ce84cfd8685cd2e64591819f55492332dd3007?cid=635a94c846854eb29813825c79d704a2
TLC,Waterfalls,https://p.scdn.co/mp3-preview/153fef447340797b7be5ee02d72124d532fe1209?cid=635a94c846854eb29813825c79d704a2
TLC,No Scrubs,https://p.scdn.co/mp3-preview/69daa711bddd8fe7aa9acf17106ca85cf1ccfa14?cid=635a94c846854eb29813825c79d704a2
TLC,Unpretty,https://p.scdn.co/mp3-preview/6b6dc4fe14511b523604bc25893defe6236c4f1c?cid=635a94c846854eb29813825c79d704a2
TLC,Baby-Baby-Baby,https://p.scdn.co/mp3-preview/6bdeea0782171070e4685da2ae8e73f4f252f431?cid=635a94c846854eb29813825c79d704a2
TLC,Red Light Special,https://p.scdn.co/mp3-preview/b8bde0d8633281c9e1e6fb990e631148fff85889?cid=635a94c846854eb29813825c79d704a2
TLC,Diggin' On You,https://p.scdn.co/mp3-preview/9e880d80ece874f84648d594aacb331261be9b22?cid=635a94c846854eb29813825c79d704a2
TLC,Ain't 2 Proud 2 Beg,https://p.scdn.co/mp3-preview/7519c5f4908f314f256fa64af9dd160911f12715?cid=635a94c846854eb29813825c79d704a2
TLC,What About Your Friends,https://p.scdn.co/mp3-preview/da281f334edffac8eeeae41df81331da803aba65?cid=635a94c846854eb29813825c79d704a2
TLC,Girl Talk,https://p.scdn.co/mp3-preview/15058e0957f813998a950a2b9de2489c63b2be8f?cid=635a94c846854eb29813825c79d704a2
TLC,Hat 2 Da Back,https://p.scdn.co/mp3-preview/d297a86b04f532787eac42197af3fb6b62268896?cid=635a94c846854eb29813825c79d704a2
TLC,Get It Up,https://p.scdn.co/mp3-preview/c2d73032367e71296261d9947d6e96743b267102?cid=635a94c846854eb29813825c79d704a2
TLC,Dear Lie,https://p.scdn.co/mp3-preview/f1b57312db8b40d69bc119d904cc191e7b523fac?cid=635a94c846854eb29813825c79d704a2
TLC,Damaged,https://p.scdn.co/mp3-preview/a633a3aa66222e5250bc000ce89d5040b552c574?cid=635a94c846854eb29813825c79d704a2
TLC,Silly Ho,https://p.scdn.co/mp3-preview/94ebffda3141bbe238384f1fd02026cd0185cdba?cid=635a94c846854eb29813825c79d704a2
T-Boz,Touch Myself,
Take That,Back For Good,https://p.scdn.co/mp3-preview/55506b7b9d4c90609b80be19f9d2213e675b3498?cid=635a94c846854eb29813825c79d704a2
Gary Barlow,So Help Me Girl,https://p.scdn.co/mp3-preview/dbc6fe456858c7ce280bd7612353fa4f6224d6a8?cid=635a94c846854eb29813825c79d704a2
Robbie Williams,Angels,https://p.scdn.co/mp3-preview/3a6051e98a7531854384a9f67185692c23b50c34?cid=a46f5c5745a14fbf826186da8da5ecc3
Robbie Williams,Millennium,https://p.scdn.co/mp3-preview/6720db5861ca5a2e262def7d228d86f4c8d8a1a3?cid=a46f5c5745a14fbf826186da8da5ecc3
The Bangles,Walk Like An Egyptian,https://p.scdn.co/mp3-preview/7c0e096c52a89e158c70c8f9c65e4fbcbceb561f?cid=635a94c846854eb29813825c79d704a2
The Bangles,Eternal Flame,https://p.scdn.co/mp3-preview/23263e7fb2c70d89a95d8a91d917e9633e283ced?cid=635a94c846854eb29813825c79d704a2
The Bangles,Manic Monday,https://p.scdn.co/mp3-preview/fb4a32244c2981ff7fc798cbf6f32ae00358b505?cid=635a94c846854eb29813825c79d704a2
The Bangles,Hazy Shade Of Winter,https://p.scdn.co/mp3-preview/6ed67e4c1e73b53fcef6172c9b11531167174e58?cid=635a94c846854eb29813825c79d704a2
The Bangles,In Your Room,https://p.scdn.co/mp3-preview/eab01bcb8242f31b34024ab11e56cbb3f50124c2?cid=635a94c846854eb29813825c79d704a2
The Bangles,Walking Down Your Street,https://p.scdn.co/mp3-preview/3d9a5e16401e02ac7d1abdca69dc27277f8b7d1e?cid=635a94c846854eb29813825c79d704a2
The Bangles,If She Knew What She Wants,https://p.scdn.co/mp3-preview/1bc32e9dfefb15a336119097d66beb88b97da39d?cid=635a94c846854eb29813825c79d704a2
The Bangles,Be With You,https://p.scdn.co/mp3-preview/a0c821997d393c651c7b0cff96ff56a88c9c2492?cid=a46f5c5745a14fbf826186da8da5ecc3
Susanna Hoffs,My Side Of The Bed,https://p.scdn.co/mp3-preview/9bea0969fea6a69b1740d529e55a9ba3fe3337a4?cid=635a94c846854eb29813825c79d704a2
Susanna Hoffs,All I Want,https://p.scdn.co/mp3-preview/1fafd27202f65d651389e13cfd244c033b318c86?cid=a46f5c5745a14fbf826186da8da5ecc3
The Pussycat Dolls,Don't Cha,https://p.scdn.co/mp3-preview/26401743a7f56e8803c6ed874f641a82f67542a1?cid=a46f5c5745a14fbf826186da8da5ecc3
The Pussycat Dolls,Buttons,https://p.scdn.co/mp3-preview/1718fd0ff9e7ea4e909037cd9a5a3ee24f26eb7e?cid=a46f5c5745a14fbf826186da8da5ecc3
The Pussycat Dolls,Stickwitu,https://p.scdn.co/mp3-preview/ebb564ab317586e9634de78435ef399fa4baf3c6?cid=a46f5c5745a14fbf826186da8da5ecc3
The Pussycat Dolls,When I Grow Up,https://p.scdn.co/mp3-preview/08d495989afc71769a47a507b479d0c8a6175fa2?cid=a46f5c5745a14fbf826186da8da5ecc3
The Pussycat Dolls,I Hate This Part,https://p.scdn.co/mp3-preview/4334174b5ae5e5059efa4343f5b746d9b6080c9e?cid=a46f5c5745a14fbf826186da8da5ecc3
The Pussycat Dolls,Beep,https://p.scdn.co/mp3-preview/c49730be8f8be29774556681098328f80ec585a8?cid=a46f5c5745a14fbf826186da8da5ecc3
The Pussycat Dolls,Wait A Minute,https://p.scdn.co/mp3-preview/f866b07642742fc4f6d97729394b37ddb61cf288?cid=a46f5c5745a14fbf826186da8da5ecc3
The Pussycat Dolls,Hush Hush,https://p.scdn.co/mp3-preview/629fb6dfdccd89c9d740fadae702a09ceb3abdd5?cid=a46f5c5745a14fbf826186da8da5ecc3
The Pussycat Dolls,Top Of The World,
The Pussycat Dolls,I Don't Need A Man,https://p.scdn.co/mp3-preview/8042d533d5f2143ae748341b3f53feb8a8a748bc?cid=a46f5c5745a14fbf826186da8da5ecc3
Nicole Scherzinger,Right There,https://p.scdn.co/mp3-preview/4413491cdb587550e3e19ecf4289230c9ad0bf79?cid=a46f5c5745a14fbf826186da8da5ecc3
Nicole Scherzinger,Don't Hold Your Breath,https://p.scdn.co/mp3-preview/6381cc347f5551014854e1a4abe0df53a9be51b6?cid=a46f5c5745a14fbf826186da8da5ecc3
Xscape,Just Kickin' It,https://p.scdn.co/mp3-preview/81a50e1f7f8347d4f58d71d5be5e2360e1c6c4d8?cid=635a94c846854eb29813825c79d704a2
Xscape,The Arms Of The One Who Loves You,https://p.scdn.co/mp3-preview/7e07a941ada9e5f59565c6aa734545b3693e9315?cid=635a94c846854eb29813825c79d704a2
Xscape,Understanding,https://p.scdn.co/mp3-preview/c616e9df4d7063d626a9d1a8a37b513d3d704f88?cid=635a94c846854eb29813825c79d704a2
Xscape,Who Can I Run To,https://p.scdn.co/mp3-preview/b9c8cf85b172078f1913742b5339cafa1f961ce0?cid=635a94c846854eb29813825c79d704a2
Xscape,My Little Secret,https://p.scdn.co/mp3-preview/00e8345719fc3c5253e6f63654df65baf09ef52a?cid=635a94c846854eb29813825c79d704a2
Xscape,Feels So Good,https://p.scdn.co/mp3-preview/748d2cfb4223853ba662e134c324ec0b49e5da59?cid=635a94c846854eb29813825c79d704a2
Xscape,Love On My Mind,https://p.scdn.co/mp3-preview/168850037f69d1e7f145eb6a800125aea9127f1b?cid=635a94c846854eb29813825c79d704a2
Xscape,Do You Want To/Can't Hang,https://p.scdn.co/mp3-preview/0ff199f14caf553aacfb3b6db1c4d43c46debae2?cid=a46f5c5745a14fbf826186da8da5ecc3
Kandi,Don't Think I'm Not,https://p.scdn.co/mp3-preview/f2d5c9d576c392f5222e0e5d17d176889f58a1ba?cid=635a94c846854eb29813825c79d704a2
