band,name,followers,spotifyName,imageUrl
112,Daron Jones,1275,Daron Jones,81bdae6a8925d9406e0c95e1051ff4c27a113048
112,"Marvin ""Slim"" Scandrick",2138,Slim,ab67616d00001e02f2efb644f1f27a1d28612756
112,"Quinnes ""Q"" Parker",3508,Q Parker,ae930d9dd3d106c4c03f74abf493f90360c4980d
*NSYNC,JC Chasez,30773,JC Chasez,56d334c814b5633b4cf6d1effb2ad11d75ae86d7
*NSYNC,Joey Fatone,1129,Joey Fatone,ab67616d00001e027213747c2ede9c255a475654
*NSYNC,Justin Timberlake,10335436,Justin Timberlake,f53e7e93947e91e5c257bdb2ca1b7c2b7e755a42
5 Seconds of Summer,Ashton Irwin,129518,Ashton Irwin,d917d897a2176d21fe3f9dd40549eee05fd8f2c6
5ive,"""Abz Love"" Abidin Breen",223,Abz Love,ab67616d00001e02d83b58106c17a67faec60b3f
98º,Jeff Timmons,111,Jeff Timmons,24866457f1f23943f80af8c1f0c0bb9651356f50
98º,Nick Lachey,141828,Nick Lachey,e1362bb3402517b8e79584cebdce664f7bd1d83b
Aventura,"Anthony ""Romeo"" Santos",12258997,Romeo Santos,2b956fd6d46ab322d8d4e9b4b7dc84a0dae9c1cf
Aventura,Henry Santos,39991,Henry Santos,1cb5d9ca00a4aee88e1fd30da4a97371a4febe59
Az Yet,Marc Nelson,1612,Marc Nelson,ab67616d00001e02dc1e6e14c0b318a50d427471
B2K,"""Omarion"" Ishmael Grandberry",1958145,Omarion,6dfe920c0b6c780b071ad538f6707dc094315d7f
Backstreet Boys,"""AJ"" McLean",27963,AJ McLean,3374377277f114a1fbdcce9a1510ff546bbc6603
Backstreet Boys,Brian Littrell,27559,Brian Littrell,ab67616d00001e029620c87e4ff122a3b1d6e842
Backstreet Boys,Howie Dorough,19343,Howie D,63bafc6ba6efba9beae41a5f25329f6d39b9a53c
Backstreet Boys,Nick Carter,144180,Nick Carter,3a089ff05d9815bb09d6ad59f0ab8c84b96486f2
BBMak,Christian Burns,7735,Christian Burns,b6eb17b6f477f216e20d7d20c00fe6a39b75b471
Big Time Rush,Carlos PenaVega,12036,Carlos Pena Vega,ab67616d00001e02cb7043363099184ad7efd077
Big Time Rush,James Maslow,61695,James Maslow,adca377bd193dc707fb06912dc8157063b610cf0
Big Time Rush,Kendall Schmidt,23621,Kendall Schmidt,1d5c3c49ead26b2b313366a4b75755e0849bfeb6
Big Time Rush,Logan Henderson,64897,Logan Henderson,b2840b070e4de18488d6aad9ecdeb002e63a86d5
Blackstreet,Teddy Riley,11325,Teddy Riley,4963a8ff69d5f29d6cbb9475de7213fb87c185bf
Boyz II Men,Shawn Stockman,4172,Shawn Stockman,9f13bfe226b38300321616e3bc56912db541a02e
BTS,J-Hope,5328343,j-hope,3e7ff9125c518e290007ff8c5831bb621f3a8813
BTS,RM,4735003,RM,721ed458946bcc6a43a0dbc8371dcea7d50df07f
BTS,Suga,388594,SUGA,d11282afed0dd7898b08a9cd58d71e6f22120d53
BTS,V,2467534,V,ab67616d00001e0220af30dc4a6011fc11632211
Color Me Badd,Kevin Thornton,12,Kevin Thornton,ab67616d00001e023488aacc12b9d68a9dc4cc7b
Color Me Badd,Mark Calderon,35,Mark Calderon,ab67616d00001e022584f02037be8ea2613e0380
Day26,"""Big Mike"" McCluney",50876,Big Mike,ab67616d00001e02e65fca39f45b07aeb243fa68
Day26,"Brian ""Angel"" Andrews",635,Brian Angel,a512cf67b0e4dfd208a72043563e70cbab5d40ae
Day26,Robert Curry,239,Robert Curry,ab67616d00001e02456293e3d7ba1dfc8b716796
Day26,Willie Taylor,23531,Willie Taylor,1d122257642ad266b7ac4bb2b02756c8cab2e3e0
Guys Next Door,Damon Sharpe,1062,Damon Sharpe,e54a7bda5b3bc2cc8f19704fe92a132eb120f330
Hi-Five,Tony Thompson,2753,Tony Thompson,fd9dd6b6396d645a3bb1c41ed8e464b5562390d9
Immature,"Jerome ""Romeo"" Jones",610,Young Rome,e38466bf6342748c1fe0aff4356ad84cc7dc3766
Immature,"Marques ""Batman"" Houston",597376,Marques Houston,c9945bf1c16d33cc8604e5387f76d1aeb7e0d642
Jodeci,"""Mr. Dalvin"" DeGrate",266,Mr. Dalvin,8a3f77b1d08e955ef91f5b3002e1438f02cc623a
Jodeci,"Joel ""JoJo"" Hailey",339,Jojo Hailey,92ffb161eb413e3ff3bcd8e86225bf8b989b8fcd
Jodeci,"Kedric ""K-Ci"" Hailey",2223,K-Ci,ab67616d00001e020a52a1f78bcfa93ba7694868
Jonas Brothers,Joe Jonas,1258396,Joe Jonas,f314ff68c7a5d440e95002a54602136c4a68f64c
Jonas Brothers,Kevin Jonas,12603,,
Jonas Brothers,Nick Jonas,7060644,Nick Jonas,6321142252f8a00a1de5db4ab89541d710300bd7
Menudo,Charlie Masso,839,Charlie Masso,ab67616d00001e02d130cc0fd02cb5e480c6952d
Menudo,Miguel Cancel,352,Miguel Cancel,ab67616d00001e0217d7f067c31c9c0e7d9d7d50
Menudo,Raymond Acevedo,116,Ray Acevedo,e1d7adddd3fe50822bfce5db8ce575ebc8a7bb31
Menudo,Ricky Martin,5749870,Ricky Martin,28b6705f46721e5f200ac48ba0e2a378fcaae335
Menudo,"Robi ""Draco"" Rosa",103176,Draco Rosa,ecdd6790a6a1daddc63694c70725afbd81e32cfb
Mindless Behavior,Santo August,4686,Santo August,ab67616d00001e023a4a9043ea7ec26dd0c3a941
Musical Youth,Dennis Seaton,6,Dennis Seaton,ab67616d00001e0282d0535990ff65d71c780002
Musical Youth,Kelvin Grant,29,Kelvin Grant,ab67616d00001e0241b6367b532f1aa30e33cf34
New Edition,Bobby Brown,725033,Bobby Brown,b1883b6a4dbde64bca76e79995333e45a5dea8fe
New Edition,Johnny Gill,635884,Johnny Gill,cbdd38b6cd11c7696e96a443f978a611e4462070
New Edition,Ralph Tresvant,249679,Ralph Tresvant,af50fee1c505a377325f43a464d28cc118738f5b
New Edition,Ricky Bell,59,Ricky Bell,ab67616d00001e0216a7a55780aa5afac578f3c7
New Kids On The Block,Danny Wood,4727,Danny Wood,0598c77e40a9665f49007d80ea6ae38cec5a7389
New Kids On The Block,Joey McIntyre,49142,Joey McIntyre,7e36988576374483fb695fb299b1222921cb7e4e
New Kids On The Block,Jordan Knight,66414,Jordan Knight,f4e3f7b448b434089dcc526305a14806e4de052a
Nine Days,Brian Desveaux,32,Brian Desveaux,ab67616d00001e02100319a18da628ab7504fed2
Nu Flavor,Rico Luna,584,Rigo Luna,ab67616d00001e02aa907a0df55a7c13ef5aafae
One Direction,Harry Styles,12813873,Harry Styles,44329fa8c646f4eb2bcf7af62afe195bfb2c4830
One Direction,Liam Payne,7219773,Liam Payne,1d99b8c429f9f6bddf4f45d1f2779f13805f96b8
One Direction,Louis Tomlinson,4593298,Louis Tomlinson,91014738e54ecb8dbb0b5a0853ba8148032067f2
One Direction,Niall Horan,6794122,Niall Horan,42179cf495e77e1c76eca3190bc536fdc0e57947
One Direction,Zayn Malik,14594009,ZAYN,cd1e0a7b3bc0af4a654587fdd32ad639aa4bca24
Playa,"""Static Major"" Ellis Garrett",3935,Static Major,0c1155ff791203102d5db96563a60a9a72ce2f06
Playa,"Jawaan ""Smoke"" Peacock",1099,Smoke E. Digglera,45007539c314414148df75958d1a49b31081e1ae
Shai,Garfield Bright,86,Garfield Bright,ab67616d00001e02cae5e0f02365c75553ce1412
Silk,"Gary ""Lil G"" Jenkins",619,Gary 'G' Jenkins,ab67616d00001e028b27194f5ab55308c0d20d53
Son By Four,Angel Lopez,4130,Angel Lopez,ab67616d00001e02d72b6942311d99adf6106eb1
Soul For Real,"""Jase4Real"" Oliver Dalyrimple",123,Jase4Real,31b98504c4388f663b7efdfd3022d16b162aa9d3
Take That,Gary Barlow,250170,Gary Barlow,f1e4459af7132a6071acb5122cda12f15c5e5245
Take That,Howard Donald,658,Howard Donald,d69de7039080ec1be3b756832b3bce62a5777223
Take That,Mark Owen,22072,Mark Owen,9f6c97855ccf078750b7a512fec9f2606b5227d7
Take That,Robbie Williams,2123143,Robbie Williams,b012d6ae89b2911dc780fef766f1e23fb15c95ef
The Click Five,Eric Dill,746,Eric Dill,ab67616d00001e026a25ccd3d6d4af316db0b3cb
The Wanted,Jay McGuiness,245,,
The Wanted,Max George,12625,Max George,1a72e5bc04a1c455516c1b5ec12508b15c23a7a0
The Wanted,Nathan Sykes,472699,Nathan Sykes,fc64e09d0999ec019b4a98f55b04a571f12aa50e
Troop,Allen McNeil,81,Allen McNeil,ab67616d00001e02974fb0c700ac0974b413d9c1
Troop,Steve Russell,231,Steve Russell,ab67616d00001e02f147f7e1df84e551faf573b2
Westlife,Brian McFadden,70095,Brian McFadden,47ce0628b83776f24fb543a23c84a9dd114a6923
Westlife,Mark Feehily,11185,Markus Feehily,233cef9e501858428a0c6d939806be0675b926c4
Westlife,Nicky Byrne,8532,Nicky Byrne,ab67616d00001e023ea55e808b519bf6073da8bc
Westlife,Shane Filan,105198,Shane Filan,ced1ab38472d66dade5ccf18c5f50be82f5d1c04
Destiny's Child,Beyoncé Knowles,26199288,Beyoncé,802895be7bc5339087ba36194b0b7307c467df96
Destiny's Child,Kelly Rowland,2558869,Kelly Rowland,3c19bcd0d4c50dd06df6dcae36f19fd74f71a193
Destiny's Child,Michelle Williams,171190,Michelle Williams,31b531657aaccb3fb3c6caf5a702a850fd2289f8
Destiny's Child,LeToya Luckett,340390,LeToya Luckett,febb6a85ebb540c313c606f55df329a08c5ee289
Destiny's Child,Farrah Franklin,249,Farrah Franklin,ab67616d00001e0234f957393ad7903726bc6d0f
TLC,"Tionne ""T-Boz"" Watkins",352,T-Boz,ab67616d00001e02ec1131a08ae24df7d04a75b7
TLC,"Lisa ""Left Eye"" Lopes",14941,"Lisa ""Left Eye"" Lopes",ab67616d00001e0202b307de1cdd13be7bb615b8
Spice Girls,Mel B,103420,Mel B,ab67616d00001e0211429634f4b8a4dba0d8bc1a
Spice Girls,Melanie C,230667,Melanie C,97e17150a972d88c2b694272c8e025cc1341113e
Spice Girls,Emma Bunton,132068,Emma Bunton,32e01d8a32b48751966882fbc2b0af69e7a81bad
Spice Girls,Geri Halliwell,130476,Geri Halliwell,1fa59149adf2b17db5bc6a2865a6d0328707df5c
Spice Girls,Victoria Beckham,75691,Victoria Beckham,ab67616d00001e02fbc98313ab1556a6ddd18a0e
Fifth Harmony,Ally Brooke,370269,Ally Brooke,b8a2bb817044bcf03d4aa53cc2f10eb38a67d198
Fifth Harmony,Normani,1104668,Normani,3ddad7b0f7281c2f8dc2ab8f1ee8607dbdb343f9
Fifth Harmony,Dinah Jane,317495,Dinah Jane,08767df1a56d736aa9be12d90eb4e649a10be3b9
Fifth Harmony,Lauren Jauregui,916456,Lauren Jauregui,2a49c8c45483eb5f031e35fb8c98298784eeadb5
Fifth Harmony,Camila Cabello,20118733,Camila Cabello,6628c8b4acfa56206eaf83edd561f0549f8f23df
BLACKPINK,Jennie,553927,JENNIE,85cd581d390f03938629d5fb393dae317a26e3e7
En Vogue,Terry Ellis,3433,Terry Ellis,3b74abe05ba1a4cd991cc432bc0eacf14fa40d06
En Vogue,Maxine Jones,218,Maxine Jones,1123e895ae6e2815506c3ea3ed92a1671592a476
The Pussycat Dolls,Nicole Scherzinger,1715566,Nicole Scherzinger,69bffe06f4894429e121263110374c8aefa37ba5
The Pussycat Dolls,Ashley Roberts,3023,Ashley Roberts,ab67616d00001e0268955a32feea470add836e4f
The Pussycat Dolls,Jessica Sutta,6223,Jessica Sutta,8edcec97949fa204b15ad59ac186c83af97e4888
The Pussycat Dolls,Melody Thornton,4762,Melody Thornton,1b6876c4265f0b4872df49c2497bb1f3bdb48ba8
The Bangles,Susanna Hoffs,10157,Susanna Hoffs,7418d10db80f8e895df8d5d9575a957c974d5504
Dream,Ashley Poole,92,Ashley Poole,ab67616d00001e02a15b8800979ac041df19b287
Dream,Melissa Schuman,88,Melissa Schuman,ab67616d00001e02553ce0c9141e7e6100d63e81
Dream,Diana Ortiz,20,Diana Ortiz,ab67616d00001e02bbb15ee59c4a26fbe0d0df30
702,Kameelah Williams,1313,Meelah,ab67616d00001e023422755af37a8ee162e1c1a9
Jade,Joi Marshall,50,Joi Marshall,d0d7b5623544c67d5a4203794fe0e1de909cc4a6
Jade,Myracle Holloway,265,Myracle Holloway,ab67616d00001e0231871410353163032ed81a1b
Wilson Phillips,Carnie Wilson,212,Carnie Wilson,614ff58a44b0654a59a0055bf74beee9b99e1215
Wilson Phillips,Chynna Phillips,765,Chynna Phillips,438b4b375c17699d7e111dbf789b105fa7645891
Klymaxx,Bernadette Cooper,81,Bernadette Cooper,ab67616d00001e027b284a55800fe06534885ad8
Klymaxx,"Joyce ""Fenderella"" Irby",217,Joyce Irby,ab67616d00001e02d9cf1f5a30c6ac21036fb647
Brownstone,"Nichole ""Nicci"" Gilbert",377,Nicci Gilbert,aa8549fa9e60bac88f693e1837bb18984de83cc5
Bananarama,Siobhan Fahey,825,Siobhan Fahey,1dae33b14961cd8089981b1fc4c94d5639a2b0a3
Exposé,Gioia Bruno,104,Gioia Bruno,ab67616d00001e02a84d08cf4b49e983b40619ce
Exposé,Kelly Moneymaker,139,Kelly Moneymaker,b6c90fef62432268f22dec49b5b38f9f1914f6ad
Xscape,Kandi Burruss,118694,Kandi,24083cac1d32e9f22a683e8d281bc819a1dbc195
Xscape,Tamika Scott,757,Tamika Scott,ab67616d00001e02cdd7362cdf4d0a48cd745907
All Saints,Shaznay Lewis,8064,Shaznay Lewis,1b9d98e2c5bb831f4a01eecd50608def8ac65316
The Sugababes,Mutya Buena,25736,Mutya Buena,59140800b6389e4ffe771b00e54a983402a0df26
The Sugababes,Siobhán Donaghy,13485,Siobhan Donaghy,25d90f5069e30ba9094d93b5dfb2779f42d57b5b
Wonder Girls,Yeeun,67903,HA:TFELT,8774f094276bdfa4c13c60b38d9ed4e65bd1dc01
Wonder Girls,Sunmi,2044252,SUNMI,dbed4c51255f28a9e0b292ac9c35a5ba3d7a1c1f
Wonder Girls,Hyuna,1235551,HyunA,3a750f175a55b342964b8b5a3dd6fbce2ccee495
Wonder Girls,Yubin,130818,Yubin,ab67616d00001e0273e866ef4532ee86549c498c
Danity Kane,Aubrey O'Day,17547,Aubrey O'Day,4ad08e32bdeda7127989305f12b4e944e66961c4
Danity Kane,Dawn Richard,72884,Dawn Richard,422a720f7753a2f245b7e1a65c6db2eaa5a5c553
Danity Kane,Shannon Bex,204,Shannon Bex,ab67616d00001e0263b2374a05dddf3e08866cd3
Danity Kane,"Wanita ""D. Woods"" Woodgett",867,D. Woods,1ded88a35d0b6f4a59ec1f532f9b58a1d0e5bb8d
Total,Pamela Long,142,Pamela Long,ab67616d00001e028d70efe0bdfb38afd1e33371
