id,width,height
*NSYNC|0,171,22
*NSYNC|1,183,22
*NSYNC|2,133,22
*NSYNC|3,184,22
*NSYNC|4,113,22
*NSYNC|5,247,22
*NSYNC|6,89,22
*NSYNC|7,176,22
*NSYNC|8,78,22
*NSYNC|9,206,22
*NSYNC|10,205,22
98º|0,224,22
98º|1,160,22
98º|2,185,22
98º|3,153,22
98º|4,79,22
98º|5,161,22
98º|6,116,22
Aventura|0,116,22
Aventura|1,118,22
Az Yet|0,209,22
Az Yet|1,119,22
B2K|0,195,22
B2K|1,124,22
B2K|2,133,22
B2K|3,107,22
B2K|4,134,22
B2K|5,169,22
Blackstreet|0,120,22
Blackstreet|1,190,22
Blackstreet|2,164,22
Blackstreet|3,126,22
Blackstreet|4,76,22
Blackstreet|5,207,22
Blackstreet|6,71,22
Blackstreet|7,204,22
Boyz II Men|0,171,22
Boyz II Men|1,204,22
Boyz II Men|2,169,22
Boyz II Men|3,232,22
Boyz II Men|4,370,22
Boyz II Men|5,162,22
Boyz II Men|6,145,22
Boyz II Men|7,219,22
Boyz II Men|8,176,22
Boyz II Men|9,116,22
Boyz II Men|10,132,22
Boyz II Men|11,138,22
Boyz II Men|12,172,22
Boyz II Men|13,145,22
Boyz II Men|14,175,22
Boyz II Men|15,93,22
Boyz II Men|16,225,22
BTS|0,114,22
BTS|1,138,22
BTS|2,62,22
BTS|3,142,22
BTS|4,128,22
BTS|5,87,22
BTS|6,141,22
BTS|7,83,22
BTS|8,121,22
BTS|9,138,22
BTS|10,84,22
BTS|11,175,22
BTS|12,127,22
BTS|13,116,22
BTS|14,153,22
BTS|15,116,22
BTS|16,90,22
Hi-Five|0,152,22
Hi-Five|1,243,22
Hi-Five|2,258,22
Hi-Five|3,270,22
Hi-Five|4,150,22
Hi-Five|5,233,22
Hi-Five|6,203,22
Immature|0,112,22
Immature|1,135,22
Immature|2,231,22
Immature|3,175,22
Immature|4,122,22
Immature|5,160,22
Immature|6,162,22
Immature|7,145,22
Jodeci|0,86,22
Jodeci|1,200,22
Jodeci|2,141,22
Jodeci|3,140,22
Jodeci|4,130,22
Jodeci|5,179,22
Jodeci|6,105,22
Jodeci|7,152,22
Jodeci|8,83,22
Jodeci|9,289,22
Jodeci|10,174,22
Jonas Brothers|0,91,22
Jonas Brothers|1,121,22
Jonas Brothers|2,97,22
Jonas Brothers|3,194,22
Jonas Brothers|4,182,22
Jonas Brothers|5,221,22
Jonas Brothers|6,94,22
Jonas Brothers|7,146,22
Jonas Brothers|8,161,22
Jonas Brothers|9,295,22
Jonas Brothers|10,84,22
Jonas Brothers|11,132,22
Jonas Brothers|12,58,22
Jonas Brothers|13,119,22
Jonas Brothers|14,196,22
Jonas Brothers|15,116,22
Jonas Brothers|16,113,22
Jonas Brothers|17,132,22
Jonas Brothers|18,142,22
Jonas Brothers|19,193,22
Jonas Brothers|20,117,22
Menudo|0,114,22
New Edition|0,118,22
New Edition|1,129,22
New Edition|2,146,22
New Edition|3,236,22
New Edition|4,199,22
New Edition|5,141,22
New Edition|6,145,22
New Edition|7,199,22
New Edition|8,239,22
New Edition|9,131,22
New Edition|10,158,22
New Edition|11,219,22
New Edition|12,159,22
New Edition|13,170,22
New Edition|14,126,22
New Edition|15,257,22
New Kids On The Block|0,173,22
New Kids On The Block|1,151,22
New Kids On The Block|2,139,22
New Kids On The Block|3,116,22
New Kids On The Block|4,116,22
New Kids On The Block|5,258,22
New Kids On The Block|6,97,22
New Kids On The Block|7,95,22
New Kids On The Block|8,208,22
New Kids On The Block|9,151,22
New Kids On The Block|10,183,22
One Direction|0,156,22
One Direction|1,223,22
One Direction|2,152,22
One Direction|3,245,22
One Direction|4,165,22
One Direction|5,105,22
One Direction|6,93,22
One Direction|7,201,22
One Direction|8,211,22
One Direction|9,150,22
One Direction|10,164,22
One Direction|11,149,22
One Direction|12,129,22
One Direction|13,115,22
One Direction|14,104,22
One Direction|15,106,22
One Direction|16,103,22
One Direction|17,95,22
One Direction|18,158,22
One Direction|19,147,22
One Direction|20,101,22
One Direction|21,71,22
One Direction|22,93,22
One Direction|23,270,22
One Direction|24,84,22
One Direction|25,162,22
One Direction|26,116,22
One Direction|27,219,22
One Direction|28,170,22
Take That|0,153,22
Destiny's Child|0,159,22
Destiny's Child|1,144,22
Destiny's Child|2,250,22
Destiny's Child|3,135,22
Destiny's Child|4,103,22
Destiny's Child|5,122,22
Destiny's Child|6,176,22
Destiny's Child|7,160,22
Destiny's Child|8,93,22
Destiny's Child|9,115,22
Destiny's Child|10,123,22
Destiny's Child|11,76,22
Destiny's Child|12,129,22
TLC|0,83,22
TLC|1,118,22
TLC|2,119,22
TLC|3,108,22
TLC|4,168,22
TLC|5,177,22
TLC|6,153,22
TLC|7,192,22
TLC|8,237,22
TLC|9,114,22
TLC|10,161,22
TLC|11,119,22
TLC|12,114,22
TLC|13,123,22
TLC|14,109,22
Fifth Harmony|0,175,22
Fifth Harmony|1,113,22
Fifth Harmony|2,164,22
Fifth Harmony|3,168,22
Fifth Harmony|4,93,22
Fifth Harmony|5,91,22
Fifth Harmony|6,159,22
Fifth Harmony|7,168,22
En Vogue|0,102,22
En Vogue|1,113,22
En Vogue|2,138,22
En Vogue|3,314,22
En Vogue|4,157,22
En Vogue|5,240,22
En Vogue|6,124,22
En Vogue|7,206,22
En Vogue|8,211,22
En Vogue|9,80,22
En Vogue|10,162,22
En Vogue|11,181,22
En Vogue|12,99,22
The Pussycat Dolls|0,115,22
The Pussycat Dolls|1,100,22
The Pussycat Dolls|2,111,22
The Pussycat Dolls|3,164,22
The Pussycat Dolls|4,172,22
The Pussycat Dolls|5,88,22
The Pussycat Dolls|6,160,22
The Pussycat Dolls|7,135,22
The Pussycat Dolls|8,187,22
The Pussycat Dolls|9,202,22
The Bangles|0,215,22
The Bangles|1,148,22
The Bangles|2,152,22
The Bangles|3,211,22
The Bangles|4,144,22
The Bangles|5,255,22
The Bangles|6,276,22
The Bangles|7,144,22
Klymaxx|0,116,22
Klymaxx|1,161,22
Klymaxx|2,169,22
Klymaxx|3,274,22
Klymaxx|4,195,22
Xscape|0,146,22
Xscape|1,333,22
Xscape|2,155,22
Xscape|3,177,22
Xscape|4,164,22
Xscape|5,161,22
Xscape|6,185,22
Xscape|7,268,22
JC Chasez|0,161,22
JC Chasez|1,134,22
Justin Timberlake|0,113,22
Justin Timberlake|1,103,22
Justin Timberlake|2,318,22
Justin Timberlake|3,222,22
Justin Timberlake|4,94,22
Justin Timberlake|5,154,22
Justin Timberlake|6,114,22
Justin Timberlake|7,163,22
Justin Timberlake|8,146,22
Justin Timberlake|9,167,22
Justin Timberlake|10,82,22
Justin Timberlake|11,156,22
Justin Timberlake|12,167,22
Justin Timberlake|13,129,22
Justin Timberlake|14,143,22
Justin Timberlake|15,224,22
Justin Timberlake|16,115,22
Justin Timberlake|17,211,22
Justin Timberlake|18,82,22
Justin Timberlake|19,179,22
Justin Timberlake|20,116,22
Justin Timberlake|21,198,22
Nick Lachey|0,179,22
Nick Lachey|1,253,22
"Anthony ""Romeo"" Santos|0",85,22
"Anthony ""Romeo"" Santos|1",166,22
"Anthony ""Romeo"" Santos|2",213,22
"Anthony ""Romeo"" Santos|3",112,22
"Anthony ""Romeo"" Santos|4",125,22
"Anthony ""Romeo"" Santos|5",169,22
"Anthony ""Romeo"" Santos|6",78,22
Marc Nelson|0,139,22
"""Omarion"" Ishmael Grandberry|0",105,22
"""Omarion"" Ishmael Grandberry|1",132,22
"""Omarion"" Ishmael Grandberry|2",60,22
"""Omarion"" Ishmael Grandberry|3",130,22
"""Omarion"" Ishmael Grandberry|4",121,22
"""Omarion"" Ishmael Grandberry|5",96,22
Teddy Riley|0,138,22
Shawn Stockman|0,204,22
J-Hope|0,218,22
Tony Thompson|0,233,22
"Marques ""Batman"" Houston|0",110,22
"Marques ""Batman"" Houston|1",99,22
"Marques ""Batman"" Houston|2",118,22
"Marques ""Batman"" Houston|3",198,22
"Marques ""Batman"" Houston|4",172,22
"Marques ""Batman"" Houston|5",94,22
"Kedric ""K-Ci"" Hailey|0",295,22
Joe Jonas|0,167,22
Joe Jonas|1,148,22
Nick Jonas|0,99,22
Nick Jonas|1,101,22
Nick Jonas|2,92,22
Nick Jonas|3,99,22
Nick Jonas|4,160,22
Nick Jonas|5,124,22
Nick Jonas|6,168,22
Ricky Martin|0,187,22
Ricky Martin|1,192,22
Ricky Martin|2,130,22
Ricky Martin|3,271,22
Ricky Martin|4,210,22
Ricky Martin|5,171,22
Ricky Martin|6,142,22
Ricky Martin|7,176,22
Ricky Martin|8,105,22
Ricky Martin|9,270,22
Ricky Martin|10,92,22
Ricky Martin|11,148,22
Ricky Martin|12,107,22
Bobby Brown|0,156,22
Bobby Brown|1,133,22
Bobby Brown|2,73,22
Bobby Brown|3,170,22
Bobby Brown|4,168,22
Bobby Brown|5,141,22
Bobby Brown|6,144,22
Bobby Brown|7,152,22
Bobby Brown|8,123,22
Bobby Brown|9,124,22
Bobby Brown|10,231,22
Johnny Gill|0,223,22
Johnny Gill|1,135,22
Johnny Gill|2,198,22
Johnny Gill|3,158,22
Johnny Gill|4,251,22
Johnny Gill|5,124,22
Johnny Gill|6,209,22
Ralph Tresvant|0,121,22
Ralph Tresvant|1,228,22
Ralph Tresvant|2,258,22
Joey McIntyre|0,167,22
Joey McIntyre|1,253,22
Jordan Knight|0,157,22
Harry Styles|0,184,22
Harry Styles|1,182,22
Harry Styles|2,119,22
Harry Styles|3,124,22
Harry Styles|4,101,22
Harry Styles|5,105,22
Harry Styles|6,101,22
Harry Styles|7,170,22
Harry Styles|8,77,22
Liam Payne|0,178,22
Liam Payne|1,108,22
Liam Payne|2,167,22
Louis Tomlinson|0,145,22
Niall Horan|0,141,22
Niall Horan|1,129,22
Niall Horan|2,175,22
Niall Horan|3,183,22
Niall Horan|4,165,22
Zayn Malik|0,116,22
Zayn Malik|1,251,22
Zayn Malik|2,167,22
Zayn Malik|3,146,22
Zayn Malik|4,107,22
Zayn Malik|5,158,22
Zayn Malik|6,102,22
Zayn Malik|7,98,22
Gary Barlow|0,172,22
Robbie Williams|0,102,22
Robbie Williams|1,137,22
Beyoncé Knowles|0,143,22
Beyoncé Knowles|1,111,22
Beyoncé Knowles|2,129,22
Beyoncé Knowles|3,142,22
Beyoncé Knowles|4,142,22
Beyoncé Knowles|5,147,22
Beyoncé Knowles|6,137,22
Beyoncé Knowles|7,144,22
Beyoncé Knowles|8,152,22
Beyoncé Knowles|9,168,22
Beyoncé Knowles|10,97,22
Beyoncé Knowles|11,74,22
Beyoncé Knowles|12,162,22
Beyoncé Knowles|13,130,22
Beyoncé Knowles|14,171,22
Beyoncé Knowles|15,91,22
Beyoncé Knowles|16,89,22
Beyoncé Knowles|17,113,22
Beyoncé Knowles|18,231,22
Beyoncé Knowles|19,98,22
Beyoncé Knowles|20,83,22
Beyoncé Knowles|21,147,22
Beyoncé Knowles|22,118,22
Beyoncé Knowles|23,202,22
Beyoncé Knowles|24,166,22
Beyoncé Knowles|25,118,22
Beyoncé Knowles|26,197,22
Beyoncé Knowles|27,152,22
Beyoncé Knowles|28,118,22
Beyoncé Knowles|29,77,22
Beyoncé Knowles|30,140,22
Beyoncé Knowles|31,168,22
Beyoncé Knowles|32,145,22
Beyoncé Knowles|33,71,22
Beyoncé Knowles|34,165,22
Beyoncé Knowles|35,155,22
Beyoncé Knowles|36,90,22
Beyoncé Knowles|37,209,22
Beyoncé Knowles|38,82,22
Beyoncé Knowles|39,132,22
Beyoncé Knowles|40,97,22
Beyoncé Knowles|41,113,22
Beyoncé Knowles|42,148,22
Beyoncé Knowles|43,166,22
Beyoncé Knowles|44,105,22
Beyoncé Knowles|45,139,22
Beyoncé Knowles|46,170,22
Beyoncé Knowles|47,163,22
Beyoncé Knowles|48,86,22
Beyoncé Knowles|49,141,22
Beyoncé Knowles|50,91,22
Kelly Rowland|0,134,22
Kelly Rowland|1,89,22
Kelly Rowland|2,119,22
Kelly Rowland|3,185,22
Kelly Rowland|4,71,22
Kelly Rowland|5,157,22
"Tionne ""T-Boz"" Watkins|0",153,22
Normani|0,134,22
Camila Cabello|0,96,22
Camila Cabello|1,192,22
Camila Cabello|2,126,22
Camila Cabello|3,195,22
Camila Cabello|4,164,22
Camila Cabello|5,78,22
Camila Cabello|6,134,22
Camila Cabello|7,87,22
Camila Cabello|8,123,22
Terry Ellis|0,205,22
Nicole Scherzinger|0,141,22
Nicole Scherzinger|1,233,22
Susanna Hoffs|0,203,22
Susanna Hoffs|1,125,22
"Joyce ""Fenderella"" Irby|0",143,22
Kandi Burruss|0,204,22